BRAND,PRODUCT NAME,PRODUCT TYPE,ID,PRICE,FABRIC COMPOSITION
HANNOVAE,Cloud Hoodie,,12210944180488,117.00,"50% cotton, 50% polyester"
HANNOVAE,Crew 345 Sweatshirt,,12209817846024,89.00,"53% polyester, 42% cotton, 5% other"
HANNOVAE,Arc Sweatpant,,12209390715144,89.00,"53% polyester, 42% cotton, 5% mixed"
HANNOVAE,Hanfu trousers,,12209370628360,115.00,"80% cotton, 20% polyester"
HANNOVAE,Arc trousers,,12209360371976,99.00,"56% polyester, 40% cotton, 4% spandex"
HANNOVAE,Loopback Sweatshirt,,12209819648264,89.00,"88% cotton, 12% polyester"
HANNOVAE,Stripe Performance Shorts,,12157266592008,49.00,"78% nylon, 22% spandex"
HANNOVAE,Harrington Bomber Jacket,,12157270163720,119.00,"54% cotton, 36% polyester, 10% spandex"
HANNOVAE,Air relaxed sweatpants,,12157268885768,69.00,63.2% blended fibres
HANNOVAE,Performance T-shirt,,12157259940104,49.00,"100% polyester 
 Care"
HANNOVAE,Dune Gilet,,12157254500616,119.00,61.9% cotton
HANNOVAE,Dry Pro Jacket,,12157253517576,79.00,"100% polyester 
 Care"
HANNOVAE,Raglan Pro Jacket,,12157250896136,85.00,"96% polyester, 4% spandex"
HANNOVAE,Pima Tshirt,,12157242835208,49.00,"100% cotton 
 Care"
HANNOVAE,Lume Pro T-Shirt,,12157237133576,49.00,"100% polyester 
 Care"
HANNOVAE,Draped Trousers,,10666833510664,99.00,N/A
HANNOVAE,Onyx Aegis,,10507487314184,199.00,N/A
HANNOVAE,Noire Hanfu,,10666832560392,189.00,N/A
HANNOVAE,Rouge Hanfu,,10567325942024,199.00,N/A
HANNOVAE,Dune Hanfu,,10488267309320,179.00,N/A
HANNOVAE,Onyx Hanfu,,10488254497032,189.00,N/A
PERSONSOUL,Personsoul Silver Logo Signet Ring,jewelry,9606885900564,139.00,N/A
PERSONSOUL,Personsoul Geometric Silver Stud Earrings,Earrings,9675443437844,49.00,N/A
PERSONSOUL,Personsoul Sterling Silver Armor Ring,Ring,9959027998996,109.00,N/A
PERSONSOUL,Personsoul Yuan Symbol Silver Bracelet,Bracelet,9606888849684,289.00,N/A
PERSONSOUL,Personsoul Denim and Lace Patchwork Camisole,Vest,10108336046356,309.00,N/A
PERSONSOUL,Personsoul Mythical Beast Spine Multi-Functional Backpack,Backpack,10108335915284,469.00,N/A
PERSONSOUL,Personsoul Washed Denim Laser-Crack Jacket,Jacket,10100064485652,389.00,N/A
PERSONSOUL,Personsoul Embroidered Vintage Curved-leg Denim Pants,Denim Jeans,10099523944724,299.00,N/A
PERSONSOUL,Personsoul Slub Denim Crocodile-Etched Curved Jeans,Denim Jeans,10100053147924,299.00,N/A
PERSONSOUL,Personsoul Curved Jeans with Irregular Embroidery,Denim Jeans,10100023099668,329.00,N/A
PERSONSOUL,Personsoul Red Mesh Accent Vintage Curved Jeans,Denim Jeans,10100069859604,389.00,N/A
PERSONSOUL,Personsoul Armor-Panel Slim-Fit Jacket Black,Jacket,10344415265044,309.00,N/A
PERSONSOUL,Personsoul Armor-Panel Slim-Fit Jacket Red,Jacket,10344430862612,309.00,N/A
PERSONSOUL,Personsoul Shield-Shoulder Hooded Sweatshirt Blue,Hoodie,10344518254868,289.00,N/A
PERSONSOUL,Personsoul Shield-Shoulder Hooded Sweatshirt Green,Hoodie,10344521498900,289.00,N/A
PERSONSOUL,Personsoul Spine-Print Asymmetric Long Sleeve Top White,T-shirt,10344569897236,99.00,N/A
PERSONSOUL,Personsoul Spine-Print Asymmetric Long Sleeve Top Gray,T-shirt,10344638906644,99.00,N/A
PERSONSOUL,Personsoul Rhinestone Panel-Line Turtleneck Red,T-shirt,10344705032468,89.00,N/A
PERSONSOUL,Personsoul Rhinestone Panel-Line Turtleneck Black,T-shirt,10344706670868,89.00,N/A
PERSONSOUL,Personsoul Rhinestone Panel-Line Turtleneck Gray,T-shirt,10344711586068,89.00,N/A
PERSONSOUL,Personsoul Cracked-Line Fluffy-Trim Hooded Jacket,Jacket,10344735179028,299.00,N/A
PERSONSOUL,Personsoul Waffle Zhongshan Jacket,Jacket,10346055205140,329.00,N/A
PERSONSOUL,Personsoul Double-Layer Animal Print Hoodie,Hoodie,10346172907796,129.00,N/A
PERSONSOUL,Personsoul Flocked Animal Graphic Long Sleeve T-Shirt Black,T-shirt,10346285334804,109.00,N/A
PERSONSOUL,Personsoul Flocked Animal Graphic Long Sleeve T-Shirt Red,T-shirt,10346287235348,109.00,N/A
PERSONSOUL,Personsoul Asymmetric-Hem Long Sleeve with Detachable Sleeves Black,T-shirt,10346325147924,119.00,N/A
PERSONSOUL,Personsoul Asymmetric-Hem Long Sleeve with Detachable Sleeves Brown,T-shirt,10346326098196,119.00,N/A
PERSONSOUL,Personsoul Structured Cardigan Blue,T-shirt,10347838439700,149.00,N/A
PERSONSOUL,Personsoul Structured Cardigan White,T-shirt,10347869241620,149.00,N/A
PERSONSOUL,Personsoul Diamond Embroidered Shaped Jeans,Denim Jeans,10348484952340,329.00,N/A
SUNDAE SCHOOL,STRIPED BOXER SHORTS,Shorts,9390298202358,85.00,"69% Polyester, 29% Rayon, 2% Spandex"
SUNDAE SCHOOL,BLACK TIE GORUM BABY TEE,T-Shirt,9390299578614,45.00,100% Cotton Body
SUNDAE SCHOOL,OLIVE BOJAGI TIE TOTE BAG,,9316101849334,110.00,100% Cotton Canvas
SUNDAE SCHOOL,IVORY DDUL BEANIE,Accessory,8299187175670,42.00,"100% Acrylic  
 H"
SUNDAE SCHOOL,BLACK DDUL BEANIE,Accessory,8299189829878,42.00,"100% Acrylic  
 H"
SUNDAE SCHOOL,BLACK AUDREY BOWLING BAG,Accessory,9409380548854,295.00,100% Real Leather
SUNDAE SCHOOL,NEW TOKER FLEECE,Outerwear,8170989814006,265.00,100% Polyester Jacquard
SUNDAE SCHOOL,BLACK MOMO REVERSIBLE FLEECE VEST,Outerwear,9412898521334,160.00,100% Polyester Fleece / 100% Nylon
SUNDAE SCHOOL,BABY PINK MOMO REVERSIBLE FLEECE VEST,Outerwear,9412900258038,160.00,100% Polyester Fleece / 100% Nylon
SUNDAE SCHOOL,CHARCOAL SUNBAE TIE SHIRT,Shirts & Tops,9409435140342,105.00,"100% Cotton  
 Hood"
SUNDAE SCHOOL,GREY SUNBAE TIE SHIRT,Shirts & Tops,9409435468022,105.00,100% Cotton
SUNDAE SCHOOL,BLACK KONA MIDI SKIRT,Skirts,9409435795702,90.00,"38% Cotton, 58% Polyester, 4% Spandex"
SUNDAE SCHOOL,BLACK ORIGAMI GORUM TEE,Shirts & Tops,9412928340214,69.00,"54% Cotton, 36% Modal, 10% Spandex"
SUNDAE SCHOOL,IVORY ORIGAMI GORUM TEE,Shirts & Tops,9412929650934,69.00,"54% Cotton, 36% Modal, 10% Spandex"
SUNDAE SCHOOL,CHARCOAL KONA MIDI SKIRT,Skirts,9409435861238,90.00,"38% Cotton, 58% Polyester, 4% Spandex"
SUNDAE SCHOOL,CHARCOAL DOUBLE DUTY BLAZER,Outerwear,9447645774070,230.00,"50% Wool, 48% Polyester, 2% Spandex"
SUNDAE SCHOOL,CHARCOAL PLEATED HANBOK SLACKS,Pants,9448627470582,190.00,"50% Wool, 48% Polyester, 2% Spandex"
SUNDAE SCHOOL,IVORY BOJAGI TIE TOTE BAG,,9316101030134,110.00,100% Cotton Canvas
SUNDAE SCHOOL,MAEHWA EMBROIDERED SHEER SHIRT,Shirts & Tops,9402977878262,120.00,"100% Nylon 
 Open"
SUNDAE SCHOOL,MAEHWA COLLARLESS SHIRT,Shirts & Tops,9402977517814,110.00,"80% Cotton, 20% Linen"
SUNDAE SCHOOL,BLACK WASH HANBOK HOODIE,Hoodie,9105667784950,125.00,100% Cotton Sweat
SUNDAE SCHOOL,NAVY WASH HANBOK HOODIE,Hoodie,9366125805814,125.00,100% Cotton Sweat
SUNDAE SCHOOL,NAVY WASH FLOWER KNOT ZIP UP,Hoodie,9364700922102,145.00,100% Cotton Sweat
SUNDAE SCHOOL,BLACK WASH FLOWER KNOT ZIP UP,Hoodie,9364685193462,145.00,100% Cotton Sweat
SUNDAE SCHOOL,BLACK WASH WRAP SWEAT BAJI,Sweatpants,9364756267254,122.50,100% Cotton Sweat
SUNDAE SCHOOL,NAVY WASH WRAP SWEAT BAJI,Sweatpants,9364756889846,122.50,100% Cotton Sweat
SUNDAE SCHOOL,INDIGO WASH HANBOK HOODIE,Hoodie,8756042006774,125.00,"100% Cotton 
 Rib"
SUNDAE SCHOOL,BLACK FLOWER NORIGAE LINEN TROUSERS,Pants,9365888893174,150.00,"80% Cotton, 20% Linen"
SUNDAE SCHOOL,BLACK LINEN GORUM BLAZER,Blazer,9356919472374,170.00,"80% Cotton, 20% Linen"
SUNDAE SCHOOL,IVORY FLOWER NORIGAE LINEN TROUSERS,Pants,9390196850934,150.00,"80% Cotton, 20% Linen"
NUWA HANFU,Qingluan Baoping 青鸾宝瓶 Azure Phoenix Fantasy WeiJin Dynasty Daxiushan Long Sleeve Top & Poqun Skirt Full Set,,7797615657169,321.99,74.1% polyester
NUWA HANFU,Huoshi Yinhua 火树银花 Silver Fireworks Fantasy Tang Dynasty Qixiong Ruzun & Pibo Full Set,,7794574590161,99.45,"100% polyester 
 Qixiong"
NUWA HANFU,Xinghua Yue 杏花约 Apricot Rendezvous Fantasy Song Dynasty Embroidered Beizi & Songku Pants Set,,7794500960465,59.45,"100% polyester 
 Body"
NUWA HANFU,Flying Lotus 飞天莲华 Modernized Tang Dynasty Daxiushan Qixiong Ruqun Set,,7438474608849,294.99,"100% polyester 
   
 
 About"
NUWA HANFU,Huanghun Meigui 黄昏玫瑰 Dawn Rose New Chinese Style Sleeveless Vintage Boat Neck Flared Dress,,7770636845265,99.45,75% viscose
NUWA HANFU,Luori Meigui 落日玫瑰 Sunset Rose New Chinese Style Sleeveless Vintage Boat Neck Flared Dress,,7770635632849,99.45,75% viscose
NUWA HANFU,Leyi Yongge 乐以咏歌 Joy in Singing Tang Dynasty Daily Yuanlingpao Round Collar Robes & Pants Set,,7613903110353,71.99,"100% polyester 
   
 About"
NUWA HANFU,Double Butterfly 双面蝴蝶 Reversible Purse,,7357905109201,49.60,N/A
NUWA HANFU,Tumi 荼靡 Bitter Herb New Chinese Style Summer Mermaid Floral Dress & Lace Cardigan Set,,7763735675089,99.25,"94% polyester, 6% spandex"
NUWA HANFU,Xingyun Cao 幸运草 Lucky Clover Modernized Pastel Sleeveless Qipao,,7763733512401,99.85,75% viscose
NUWA HANFU,Hua Jiandao 花间道 Path Among the Flowers Modernized Sleeveless Striped Floral Qipao,,7763729842385,99.45,75% viscose
NUWA HANFU,Zao Chun 早春 Early Spring New Chinese Style Modernized Floral Ruched Qipao,,7763727778001,94.95,"94% polyester, 6% spandex"
NUWA HANFU,Liuguang Jinyan 鎏光金宴 Gilded Banquet New Chinese Style Batwing Velvet Dress,,7763723452625,94.99,"80% viscose, 20% nylon"
NUWA HANFU,Luoyan Qi 落燕栖 A Swallow's Perch Late Ming Dynasty Swallow Changshan Long Shirt & Summer Bijia Vest Set,,7755611013329,44.95,100% polyester
NUWA HANFU,Xian Chun 衔春 Holding Spring Ming Dynasty Sparrow Bijia Long Vest & Mamianqun Skirt Set,,7755608424657,74.95,100% polyester
NUWA HANFU,Qiu Wuyang 秋无恙 Autumn Remains Serene Late Ming Dynasty Sparrow Changshan Long Top & Summer Bijia Vest Set,,7755609800913,44.95,100% polyester
NUWA HANFU,Xin Qing 心晴 Clear Heart Modernized Ming Dynasty Cotton Tieli & Baidiequn Set,,7755607933137,79.85,100% cotton
NUWA HANFU,Nuan Nuan 暖暖 Cozy Modernized Ming Dynasty Floral Tieli & Baidiequn Set,,7755606917329,75.85,"74% rayon, 26% nylon"
NUWA HANFU,Er Jing 二经 Second Sutra Song Dynasty Pear Blossom Hewei Apron Skirt,,7755605999825,64.95,100% polyester
NUWA HANFU,Nanling Tieguai 南陵铁拐 Southern Song Tomb Restoration Hedangku Trousers Set,,7755603083473,44.95,100% polyester
NUWA HANFU,Haoshi Huasheng 好柿花生 Persimmon & Peanut Southern Song Dynasty Haoxiu Raccoon Sleeve Jacket,,7755601772753,79.45,100% polyester satin
NUWA HANFU,Gui Jia 龟甲 Tortoise Shell Unisex Tang Dynasty Pure Cotton Lantern Pants,,7755600134353,44.95,"100% cotton 
   
 About"
NUWA HANFU,Zhao Munian 朝暮年Twilight Years Modernized Ming Dynasty Bijia Vest & Mamian Skirt Set,,7742021959889,34.75,"100% cotton 
 Bijia"
NUWA HANFU,Suan Mei 酸梅 Sour Plum Song Dynasty Duanshan Various Straight Sleeve Short Tops,,7741968449745,34.95,"80% viscose, 20% polyamide"
NUWA HANFU,Yiban Yiban 一瓣一瓣 Petal by Petal Song Dynasty Improved Moxiong Various Patterned Tank Tops,,7741934403793,29.99,"95% polyester, 5% spandex"
NUWA HANFU,Ciji 辞记 Farewell Note Hanfu Zhequn Various Pleated Skirts,,7741875388625,69.45,"100% polyester 
   
 About"
NUWA HANFU,Xing Fu 幸福 Happiness Modernized Song Tang Haoxiu Raccoon Sleeve Top & Two Panel Skirt Set,,7741791600849,82.15,100% ramie plant
NUWA HANFU,Caihong Tang 彩虹糖 Skittles Modernized Weijin Song Ru Tops & Wide Leg Trousers Set,,7741749231825,54.95,"5% linen, 20% tencel, 20% nylon, 55% viscose"
NUWA HANFU,Lü Baihe 绿百合 Green Lily New Chinese Style Pure Cotton Round Collar Embroidered Day Dress,,7741711089873,44.95,100% cotton
NUWA HANFU,Maomao 猫猫 Kitten Modernized Tang Dynasty Cat Print Yuanlingpao Round Collar Robe,,7741709615313,59.95,"65% cotton, 35% nylon"
PH5,GEN 11 COMPRESSION JACKET,,9442004992214,255.00,92% RECYCLED NYLON 8% RECYCLED
PH5,GEN 11 COMPRESSION CROP TOP,,9441996898518,215.00,92% RECYCLED NYLON 8% RECYCLED
PH5,GEN 11 COMPRESSION CROP TOP,,9441994834134,215.00,92% RECYCLED NYLON 8% RECYCLED
PH5,GEN 11 COMPRESSION LEGGING,,9441988608214,185.00,92% RECYCLED NYLON 8% RECYCLED
PH5,GEN 11 COMPRESSION LEGGING,,9441984282838,185.00,92% RECYCLED NYLON 8% RECYCLED
PH5,GEN 11 COMPRESSION TENNIS SKORT,,9441978024150,175.00,92% RECYCLED NYLON 8% RECYCLED
PH5,GEN 11 COMPRESSION TENNIS SKORT,,9441973010646,175.00,92% RECYCLED NYLON 8% RECYCLED
PH5,GEN 11 ACTIVE TANK TOP,,9441968980182,115.00,92% RECYCLED NYLON 8% RECYCLED
PH5,GEN 11 ACTIVE TANK TOP,,9441966325974,115.00,92% RECYCLED NYLON 8% RECYCLED
PH5,GEN 11 COMPRESSION SPORTS BRA,,9441961509078,85.00,92% RECYCLED NYLON 8% RECYCLED
PH5,GEN 11 COMPRESSION SPORTS BRA,,9441958035670,85.00,92% RECYCLED NYLON 8% RECYCLED
PH5,VENUS MERINO WOOL V-NECK DRESS,,9441952366806,395.00,30% RWS MERINO
PH5,PORTIA MERINO WOOL PULLOVER,,9441945125078,295.00,30% RWS MERINO
PH5,PORTIA MERINO WOOL PULLOVER,,9441940701398,295.00,30% RWS MERINO
PH5,BIANCA MIXED MEDIA LONG DRESS,,9441907146966,445.00,83% RECYCLED VISCOSE 17% POLYESTER
PH5,BIANCA MIXED MEDIA LONG DRESS,,9441903509718,445.00,83% RECYCLED VISCOSE 17% POLYESTER
PH5,AYU MAXI SKIRT,,9441895547094,315.00,83% RECYCLED VISCOSE 17% POLYESTER
PH5,AYU MAXI SKIRT,,9441888043222,315.00,83% RECYCLED VISCOSE 17% POLYESTER
PH5,HANA DENIM PRINT OVERSIZED JACKET,,9441877590230,515.00,57.2% RECYCLED VISCOSE 16% POLYESTER
PH5,HANA DENIM PRINT OVERSIZED JACKET,,9441873658070,515.00,57.2% RECYCLED VISCOSE 16% POLYESTER
PH5,NEBULA MOHAIR REVERSIBLE SKIRT,,9441862877398,375.00,39.5% ECOVERO VISCOSE
PH5,NEBULA MOHAIR REVERSIBLE SKIRT,,9441859928278,375.00,39.5% ECOVERO VISCOSE
PH5,HALLEY MOHAIR REVERSIBLE JACKET,,9441853309142,465.00,39.5% ECOVERO VISCOSE
PH5,HALLEY MOHAIR REVERSIBLE JACKET,,9441846690006,465.00,39.5% ECOVERO VISCOSE
PH5,LILAH MOHAIR TANK TOP,,9441838661846,275.00,72% MOHAIR 26
PH5,LILAH MOHAIR TANK TOP,,9441835024598,275.00,72% MOHAIR 26
PH5,MESA POINTELLE CARDIGAN,,9441822769366,295.00,65.6% ECOVERO VISCOSE
PH5,LYRA POINTELLE V-NECK PULLOVER,,9441814905046,275.00,65.6% ECOVERO VISCOSE
PH5,YURI ECOVERO TURTLENECK TOP,,9441805172950,255.00,65.6% ECOVERO VISCOSE
PH5,YURI ECOVERO TURTLENECK TOP,,9441797767382,255.00,65.6% ECOVERO VISCOSE
PETITE STUDIO,Sand Woven Belt with Silver Buckle,Accessories,7150553858128,35.00,N/A
PETITE STUDIO,Viola Vegan Leather Belt with Chunky Buckle,Accessories,7090838634576,50.00,N/A
PETITE STUDIO,Nunzio Black and Gold Frosted Leather Belt,Accessories,7411918438480,55.00,N/A
PETITE STUDIO,Cyrillar Black and Golden Buckle Thin Leather Belt,Accessories,7411917652048,55.00,N/A
PETITE STUDIO,Anselm Brown and Gold Leather Belt,Accessories,7411916865616,55.00,N/A
PETITE STUDIO,Swayze Sculptural Pendant Necklace,Accessories,7411914834000,65.00,N/A
PETITE STUDIO,Ezio Dark Brown Thin Knotted Leather Belt,Accessories,7411915391056,55.00,N/A
PETITE STUDIO,Azari Black Onyx Pendant Necklace,Accessories,7411913621584,65.00,N/A
PETITE STUDIO,Calidore Inlaid Abalone Shell Hoop Earrings,Accessories,7411910508624,25.00,N/A
PETITE STUDIO,Pim Geometric Hoop Earrings,Accessories,7411906412624,30.00,N/A
PETITE STUDIO,Koda Gold Stud Earrings,Accessories,7411905888336,30.00,N/A
PETITE STUDIO,Bree Tiger's Eye Stud Earrings,Accessories,7411904020560,25.00,N/A
PETITE STUDIO,Pascoe Gold Teardrop Dome Earrings,Accessories,7411903397968,30.00,N/A
PETITE STUDIO,Meliora Silver and Black Bead Drop Earrings,Accessories,7411902546000,30.00,N/A
PETITE STUDIO,Emani Corduroy Barrel Pants - Brown,bottoms,7411901333584,175.00,"100% Cotton 
 
 Machine"
PETITE STUDIO,Adriana Wool Skirt - Grey Striped,bottoms,7411899531344,160.00,"51% Wool, 49% Polyester"
PETITE STUDIO,Adriana Corduroy Skirt - Brown,bottoms,7411886424144,160.00,"100% Cotton 
 
 Machine"
PETITE STUDIO,Hannah Cashmere Cotton Blend Cardigan - Sky,tops,7411863683152,165.00,"95% Cotton, 5% Cashmere"
PETITE STUDIO,Hannah Cashmere Cotton Blend Cardigan - Ivory,tops,7411858538576,165.00,"95% Cotton, 5% Cashmere"
PETITE STUDIO,Murphy Brushed Merino Wool Cardigan – Olive Green,tops,7411834060880,185.00,100% Brushed Merino
PETITE STUDIO,Murphy Brushed Merino Wool Cardigan – Ice Blue,tops,7411827572816,185.00,100% Brushed Merino
PETITE STUDIO,Benj Embroidered Denim Blouse – Blue,tops,7411827114064,145.00,"100% Cotton 
 Machine"
PETITE STUDIO,Basti Reversible Merino Wool Cardigan – Cream,tops,7411825115216,145.00,"100% Wool 
 Dry"
PETITE STUDIO,Basti Reversible Merino Wool Cardigan – Burgundy,tops,7411820593232,145.00,"100% Wool 
 Dry"
PETITE STUDIO,Calen Embroidered Ruffled Cotton Blouse - Ivory,tops,7411820101712,140.00,"100% Cotton 
 Hand"
PETITE STUDIO,Julian Appliqué Cotton Blouse - Ivory,tops,7411819380816,135.00,"100% Cotton 
 Hand"
PETITE STUDIO,Finn Cotton Scarf Shirt - Brown Plaid,tops,7411819085904,125.00,"100% Cotton 
 Hand"
PETITE STUDIO,Finn Cotton Scarf Shirt - Moss Green,tops,7411818561616,125.00,"100% Cotton 
 Hand"
PETITE STUDIO,Alexie Cotton Robe Shirt - Khaki Striped,tops,7411813548112,135.00,"100% Cotton 
 Machine"
PETITE STUDIO,Paisley Mohair Sweater - Melon,tops,7411800703056,185.00,33% Super Kid
AKASHI KAMA,LOUPN Maedeup Bandana - Korean Silk,,9459194888380,69.00,100% premium Korean
AKASHI KAMA,LOUPN Yujo Chain Bracelet,,9459194822844,295.00,N/A
AKASHI KAMA,LOUPN Knit Polo - Maedeup Navy,,9364613365948,129.00,N/A
AKASHI KAMA,LOUPN Ujeong Stone Ring,,9459194790076,295.00,N/A
AKASHI KAMA,Crest Stamped Tee,,9471539052732,49.00,100% combed cotton
AKASHI KAMA,Metallic Track Tee,,9471538626748,59.00,100% combed cotton
AKASHI KAMA,Reflective Track Tee,,9471537709244,59.00,100% combed cotton
AKASHI KAMA,Metallic Stamped Tee,,9471528042684,59.00,100% combed cotton
AKASHI KAMA,Pleated Trousers - Kona Coffee,,9131763466428,169.00,N/A
AKASHI KAMA,Ojii Knit Polo - Shiitake Beige,,9364613595324,129.00,N/A
AKASHI KAMA,Suit Noragi - Mocha Taupe,,8980255047868,169.00,N/A
AKASHI KAMA,Stamped Logo Tee,,9360177004732,49.00,100% combed cotton
AKASHI KAMA,Persimmon Tee - Cream,,9359735259324,59.00,N/A
AKASHI KAMA,Crest Crewneck - Chocolate,,9283075768508,110.00,100% cotton with
AKASHI KAMA,Pleated Shorts - Hana Jacquard,,9149473980604,125.00,100% Cotton makes
AKASHI KAMA,Pleated Shorts - Ume Jacquard,,9149471654076,125.00,100% Cotton makes
AKASHI KAMA,Pleated Shorts - Sashiori Clay,,9149472735420,110.00,N/A
AKASHI KAMA,Pleated Trousers - Mocha Taupe,,9131761664188,179.00,N/A
AKASHI KAMA,Single Himo Pin,,9342158405820,15.00,N/A
AKASHI KAMA,Himo Brooch Pin,,8596373799100,45.00,N/A
AKASHI KAMA,Uniform Hoodie - Nori Green,,9274516078780,110.00,N/A
AKASHI KAMA,Uniform Hoodie - Deep Indigo,,9178037387452,110.00,N/A
AKASHI KAMA,Noragi Jacket - Army Green,,7378739921084,139.00,N/A
AKASHI KAMA,Riviera Woman Hoodie - Cream,,8716528648380,125.00,N/A
AKASHI KAMA,Ginkgo Leaf Hoodie - Nori Green,,9134095859900,115.00,N/A
AKASHI KAMA,Haori Jacket - Deep Indigo,,7583940378812,119.00,N/A
AKASHI KAMA,Noragi Jacket - Black Arrow,,9058943533244,159.00,100%  Japanese cotton
AKASHI KAMA,Highball ハイボール Hoodie - Deep Indigo,,8716530319548,125.00,N/A
AKASHI KAMA,Crest Hat,Hats,8983755784380,39.00,N/A
AKASHI KAMA,Highball ハイボール Oversize Tee - Black,,8716531237052,59.00,N/A
KIRIKO MADE,"Musubi, Fuwa-Fuwa Towel, Kata Kata, Owl Fluffy Towel, Green 10"" x 10""",Home-Furoshiki,9302900474018,24.00,"100% Cotton  
 Product"
KIRIKO MADE,"Sashiko Thread, 100m, Variegated Dark Brown",Home-Sewing/Crafts,9305609765026,11.95,100% cotton
KIRIKO MADE,"Sashiko Thread, 100m, Dark Teal",Home-Sewing/Crafts,9305608061090,8.95,100% cotton
KIRIKO MADE,"Sashiko Thread, 100m, Cobalt Blue",Home-Sewing/Crafts,9305606848674,8.95,100% cotton
KIRIKO MADE,"Sashiko Thread, 100m, Navy Blue",Home-Sewing/Crafts,9305606095010,8.95,100% cotton
KIRIKO MADE,"Sashiko Thread, 100m, White",Home-Sewing/Crafts,9305604423842,8.95,100% cotton
KIRIKO MADE,"Sashiko Thread, 100m, Holly Green",Home-Sewing/Crafts,9305603047586,8.95,100% cotton
KIRIKO MADE,"Sashiko Thread, 100m, Violet",Home-Sewing/Crafts,9305602097314,8.95,100% cotton
KIRIKO MADE,"Sashiko Thread, 100m, Off White",Home-Sewing/Crafts,9305600884898,8.95,100% cotton
KIRIKO MADE,"Sashiko Thread, 100m, Gold",Home-Sewing/Crafts,9305599770786,8.95,100% cotton
KIRIKO MADE,"Sashiko Thread, 100m, Amber Red",Home-Sewing/Crafts,9305598722210,8.95,100% cotton
KIRIKO MADE,"Sashiko Thread, 100m, Brown",Home-Sewing/Crafts,9305585156258,8.95,100% cotton
KIRIKO MADE,"Sashiko Thread, 100m, Rose Red",Home-Sewing/Crafts,9305584238754,8.95,100% cotton
KIRIKO MADE,"Kiriko Original Scarf, Double Split, Red, White and Indigo, Jyuji",Accessory-Scarves,4512956973146,76.00,"100% Cotton 
 Size"
KIRIKO MADE,"Boet, Earrings, Eno, Grey",Accessory-Jewelry,1944013078618,68.00,N/A
KIRIKO MADE,"Boet, Earrings, Eno, Chestnut",Accessory-Jewelry,6704498999458,68.00,N/A
KIRIKO MADE,"Boet Earrings, Eno, Black",Accessory-Jewelry,7894330704034,68.00,N/A
KIRIKO MADE,"Boet, Earrings, Eno, Blonde",Accessory-Jewelry,6135124983970,68.00,N/A
KIRIKO MADE,"Boet Necklace, Sayler, Slate",Accessory-Jewelry,5781796749474,160.00,N/A
KIRIKO MADE,"Boet Necklace, Horse Tassel, Grey and Grey",Accessory-Jewelry,4565007597658,98.00,N/A
KIRIKO MADE,"Boet Necklace, Sayler, Marine",Accessory-Jewelry,1776177086554,160.00,N/A
KIRIKO MADE,"Boet, Horse Tassel Necklace, Blonde and Indigo",Accessory-Jewelry,10726289734,98.00,N/A
KIRIKO MADE,"Boet Necklace, Pilar, Blonde",Accessory-Jewelry,7894313271458,98.00,N/A
KIRIKO MADE,"Boet Necklace, Pilar, Grey",Accessory-Jewelry,7894314188962,98.00,N/A
KIRIKO MADE,"Boet Necklace, Horse Tassel, Old Gold and Grey",Accessory-Jewelry,1944033755226,98.00,N/A
KIRIKO MADE,"Boet, Horse Tassel, Peacock and Dark Chestnut",Accessory-Jewelry,6134704341154,98.00,N/A
KIRIKO MADE,"Paperweight, Oitomi, Amabie",Home-Stationery,8023453171874,36.00,N/A
KIRIKO MADE,"Wa-Modern Omikuji Daruma, White",Home-Trinkets,8136888123554,18.00,N/A
KIRIKO MADE,"Decor, Kashiwa Craft, Chicken",Home-Decor,8268113805474,58.00,N/A
KIRIKO MADE,"Tanabe Hasami, Scissors Case, Brown Leather",Home-Sewing/Crafts,8290552447138,38.00,N/A
NI DE MAMA,Custom Shipping,,7594029285619,4.75,N/A
NI DE MAMA,Marinated Cuttlefish Vinyl Sticker,Sticker,9648853745907,3.95,N/A
NI DE MAMA,White Cut Chicken Vinyl Sticker,Sticker,9648841097459,3.95,N/A
NI DE MAMA,Soy Sauce Chicken Vinyl Sticker,Sticker,9648835821811,3.95,N/A
NI DE MAMA,Roast Pork Vinyl Sticker,Sticker,9648834248947,3.95,N/A
NI DE MAMA,Roasted Duck Vinyl Sticker,Sticker,9648832741619,3.95,N/A
NI DE MAMA,Char Siu Vinyl Sticker,Sticker,9648818192627,3.95,N/A
NI DE MAMA,Stinky Tofu Large Tote,Large Tote,9460424245491,34.00,100% certified organic
NI DE MAMA,Stinky Tofu Tote Bag,Tote,9460424147187,29.00,100% certified organic
NI DE MAMA,Stinky Tofu Embroidered Bucket Hat,Bucket Hat,9460424114419,30.00,100% cotton twill
NI DE MAMA,Stinky Tofu Embroidered Beanie,Beanie,9460424081651,29.00,100% turbo acryllic
NI DE MAMA,Stinky Tofu Embroidered Crop T-Shirt,Crop T-Shirt,9460424048883,31.00,100% combed cotton
NI DE MAMA,Stinky Tofu Embroidered Crop Hoodie,Crop Hoodie,9460424016115,49.00,52% airlume combed
NI DE MAMA,Stinky Tofu Embroidered T-Shirt,Tee,9460423950579,28.00,100% combed and
NI DE MAMA,Stinky Tofu Embroidered Hoodie,Hoodie,9460423917811,43.00,50% pre
NI DE MAMA,Stinky Tofu Embroidered Cap,Cap,9460423885043,30.00,100% chino cotton
NI DE MAMA,Stinky Tofu Embroidered Sweatshirt,Sweatshirt,9460423852275,41.00,50% pre
NI DE MAMA,Cilantro Tote Bag,Tote,9460423688435,29.00,100% certified organic
NI DE MAMA,Cilantro Large Tote,Large Tote,9460423655667,34.00,100% certified organic
NI DE MAMA,Cilantro Embroidered Bucket Hat,Bucket Hat,9460423590131,30.00,100% cotton twill
NI DE MAMA,Cilantro Embroidered Beanie,Beanie,9460423295219,29.00,100% turbo acryllic
NI DE MAMA,Cilantro Embroidered Crop T-Shirt,Crop T-Shirt,9460423196915,31.00,100% combed cotton
NI DE MAMA,Cilantro Embroidered Crop Hoodie,Crop Hoodie,9460423164147,49.00,52% airlume combed
NI DE MAMA,Cilantro Embroidered T-Shirt,Tee,9460423131379,28.00,100% combed and
NI DE MAMA,Cilantro Embroidered Hoodie,Hoodie,9460410777843,43.00,50% pre
NI DE MAMA,Cilantro Embroidered Cap,Cap,9460410745075,30.00,100% chino cotton
NI DE MAMA,Cilantro Embroidered Sweatshirt,Sweatshirt,9460410712307,41.00,50% pre
NI DE MAMA,Bitter Melon Embroidered Bucket Hat,Bucket Hat,9460410679539,30.00,100% cotton twill
NI DE MAMA,Bitter Melon Embroidered Beanie,Beanie,9460410646771,29.00,100% turbo acryllic
NI DE MAMA,Bitter Melon Large Tote,Large Tote,9460410548467,34.00,100% certified organic
ANNA SUI,Victorian Pointelle Knitwear Camisole - Black,Resort 2026- Delivery 3,10746859716911,147.00,100% cotton
ANNA SUI,Victorian Pointelle Knitwear Cardigan - Black,Resort 2026- Delivery 3,10746863255855,155.00,100% cotton
ANNA SUI,Olivia Rodrigo's Daisy Chain Fields x Anna Sui T-Shirt,Daisy Chain Charity T-shirt,16131790242095,50.00,100% of net
ANNA SUI,Arcadia Blossom Babydoll Dress,Fall 2026- Delivery 3,16131855614255,519.00,"74% Cotton, 26% Silk"
ANNA SUI,Rosebuds Babydoll Dress,Fall 2026- Delivery 3,16131897262383,519.00,"100% Polyester  
 
 Hydrocarbon"
ANNA SUI,Crushed Velvet Skirt,Fall 2026- Delivery 2,15259073675567,580.00,"63% Acetate, 37% Cupro"
ANNA SUI,Crushed Velvet Beaded Corset Top,Fall 2026- Delivery 2,15258538934575,1350.00,"63% Acetate, 37% Cupro"
ANNA SUI,Anna Sui x Erickson Beamon Crystal Cascade Necklace - Silver,Fall 2026- Erickson Beamon,16131653206319,355.00,N/A
ANNA SUI,Anna Sui x Erickson Beamon Beaded Tassel Necklace - Black,Fall 2026- Erickson Beamon,16129811317039,355.00,N/A
ANNA SUI,Anna Sui x Erickson Beamon Marbled Statement Brooch,Fall 2026- Erickson Beamon,16129809121583,300.00,N/A
ANNA SUI,Anna Sui x Erickson Beamon Crystal Tassel Brooch,Fall 2026- Erickson Beamon,16129802797359,300.00,N/A
ANNA SUI,Purple Butterfly Lace Choker,Jewelry,16102902104367,200.00,N/A
ANNA SUI,Silver Butterfly Lace Choker,Jewelry,16102902235439,200.00,N/A
ANNA SUI,Emerald Butterfly Lace Choker,Jewelry,16102901612847,200.00,N/A
ANNA SUI,Red & Gunmetal Butterfly Lace Choker,Jewelry,16102902497583,200.00,N/A
ANNA SUI,Enchanted Butterfly Dangle Earrings - Silver,Jewelry,16102901416239,145.00,N/A
ANNA SUI,Enchanted Butterfly Dangle Earrings - Gunmetal,Jewelry,16102901023023,145.00,N/A
ANNA SUI,Purple Butterfly Pearl Choker - Gunmetal,Jewelry,16102895452463,165.00,N/A
ANNA SUI,White & Purple Butterfly Pearl Choker,Jewelry,16102900334895,165.00,N/A
ANNA SUI,Victorian Romance Butterfly Statement Stud Earrings - Gold,Jewelry,16102893453615,200.00,N/A
ANNA SUI,Anna Sui x Erickson Beamon Teardrop Necklace - Black,Fall 2026- Erickson Beamon,16129813545263,355.00,N/A
ANNA SUI,Victorian Romance Butterfly Statement Stud Earrings - Gunmetal,Jewelry,16102904561967,200.00,N/A
ANNA SUI,Butterfly Garden Locket Necklace - Gold,Jewelry,16102892601647,255.00,N/A
ANNA SUI,Butterfly Garden Locket Necklace - Gunmetal,Jewelry,16102891716911,255.00,N/A
ANNA SUI,Lynx Faux Fur Hobo Bag,Fall 2026- Bag,15254211100975,350.00,"100% Polyester 
 Hydrocarbon"
ANNA SUI,Faux Fur Hobo Bag,Fall 2026- Bag,15299653828911,370.00,"100% Polyester 
 Hydrocarbon"
ANNA SUI,Rose Bloom Faux Fur Clutch,Fall 2026- Clutch,15301162828079,185.00,"100% Polyester 
 Hydrocarbon"
ANNA SUI,Rose Bloom Faux Fur Bonnet,Fall 2026- Hat,15301051908399,170.00,"100% Polyester 
 Hydrocarbon"
ANNA SUI,Paillettes Beanies - Chocolate/Black,Fall 2026- Hat,15477675131183,375.00,"100% Acrylic 
 
 Hydrocarbon"
ANNA SUI,Paillettes Beanie - Ruby,Fall 2026- Hat,15477778186543,375.00,"100% Acrylic 
 
 Hydrocarbon"
SANDY LIANG,MARY JANE DOUBLE STRAP WELT IN BRUSHED BROWN,FLATS,8305667407987,495.00,N/A
SANDY LIANG,ANTONIA PUMP 40 IN BRUSHED BROWN,HEELS,8305667375219,495.00,N/A
SANDY LIANG,TARO JEANS IN BROWN,PANTS,8305665704051,295.00,"100% Cotton 
 
 Size"
SANDY LIANG,TARO JEANS IN WHITE,PANTS,8305665605747,295.00,"100% Cotton 
 
 Size"
SANDY LIANG,SL X COU COU: THE BOXETTE,UNDERWEAR,8342891921523,68.00,100% Organic French
SANDY LIANG,SL X COU COU: THE BABY TANK TWO PACK,TOP,8342891855987,120.00,100% Organic Cotton
SANDY LIANG,SL X COU COU: THE PAJAMA SHIRT,TOP,8342891757683,120.00,100% Organic French
SANDY LIANG,SL X COU COU: THE PAJAMA PANT,PANTS,8342891692147,120.00,100% Organic French
SANDY LIANG,KNOLL JACKET IN PINK,JACKET,8305664983155,350.00,"49% Cotton, 51% Polyester"
SANDY LIANG,KNOLL JACKET IN HEATHER GREY,JACKET,8305665048691,350.00,"49% Cotton, 51% Polyester"
SANDY LIANG,GEMMA SHIRT,TOP,8305665146995,395.00,100% Cotton Imported
SANDY LIANG,WEMBLEY TOP IN WHITE,TOP,8351021498483,295.00,100% Cotton Imported
SANDY LIANG,JOSIE TOP,TOP,8305663541363,1295.00,"100% Polyester 
 
 Size"
SANDY LIANG,TERMINATOR NECKLACE,NECKLACE,8305667440755,128.00,N/A
SANDY LIANG,PRECIOUS CARD HOLDER IN BRUSHED BROWN SPAZZOLATO,WALLET,8305667178611,148.00,N/A
SANDY LIANG,PRECIOUS CARD HOLDER IN PINK,WALLET,8305667145843,148.00,N/A
SANDY LIANG,PRECIOUS CARD HOLDER IN BLACK,WALLET,8305667113075,148.00,N/A
SANDY LIANG,JUMBO TOTE IN BRUNETTE,TOTE,8305667244147,298.00,N/A
SANDY LIANG,JUMBO TOTE IN BLACK,TOTE,8305667211379,298.00,N/A
SANDY LIANG,TORRY JACKET,JACKET,8305666523251,895.00,"100% Cotton 
 
 Size"
SANDY LIANG,MURRAY DRESS IN DARK NAVY,DRESS,8305664622707,395.00,100% Cotton Imported
SANDY LIANG,MURRAY DRESS IN PINK,DRESS,8305664589939,395.00,100% Cotton Imported
SANDY LIANG,MAMAN PANTS IN NAVY,PANTS,8305666654323,395.00,"57% Polyester, 29% Rayon, 10% Wool, 4% Spandex"
SANDY LIANG,MAMAN PANTS IN BLACK,PANTS,8305666556019,395.00,"90% Polyester, 10% Spandex"
SANDY LIANG,HYDRA TOP,TOP,8305663213683,595.00,"100% Nylon 
 
 Size"
SANDY LIANG,SHORTCAKE KNIT DRESS,DRESS,8305664524403,695.00,100% Merino Wool
SANDY LIANG,MARIPOSA DRESS,DRESS,8305663180915,995.00,"100% Polyester 
 
 Size"
SANDY LIANG,PAPRIKA PANT IN BABY BLUE,PANTS,8305667899507,395.00,100% Polyester Imported
SANDY LIANG,PAPRIKA PANT IN BLACK,PANTS,8305667833971,395.00,100% Polyester Imported
SANDY LIANG,VISBY PUFFER IN BABY BLUE,OUTERWEAR,8305667801203,1100.00,"80% Polyester, 20% Spandex"
ANTA,"ANTA KAI 3 ""Calcite""",Basketball Shoes,10170117095715,135.00,N/A
ANTA,"ANTA KAI 1 SPEED ""Electric Horizon""",Basketball Shoes,9839251718435,75.00,N/A
ANTA,"ANTA KAI 3 ""Magnetic Energy""",Basketball Shoes,10333038182691,135.00,N/A
ANTA,Women's ANTA ZONE 2 90,Training Running,10331210711331,120.00,N/A
ANTA,ANTA Shock Wave 7,Basketball Shoes,10309413536035,130.00,N/A
ANTA,ANTA KAI Knit Track Pants,Pants,9613968081187,70.00,N/A
ANTA,ANTA KAI Logo Jacket,Jacket,10309464850723,125.00,N/A
ANTA,ANTA KAI Long-Sleeve Tee,T Shirts,10309473894691,60.00,N/A
ANTA,ANTA KAI Game Tank,Tank Tops,10309475598627,50.00,N/A
ANTA,"ANTA KAI 3 ""Mother's Love""",Basketball Shoes,10298475118883,135.00,N/A
ANTA,ANTA PG7 City,Everyday Running,10298448576803,110.00,N/A
ANTA,"Men's ANTA KAI 1 SPEED ""Bag Work""",Basketball Shoes,9798067224867,100.00,N/A
ANTA,Women's ANTA Knit Tank,Tank Tops,10280647131427,50.00,N/A
ANTA,Women's ANTA Woven Shorts,Shorts,10280694055203,65.00,N/A
ANTA,Women's ANTA Short-Sleeve Tee,T Shirts,10280684028195,65.00,N/A
ANTA,Men's ANTA Woven Track Pants,Pants,10280629797155,95.00,N/A
ANTA,Men's ANTA Run 2-in-1 Shorts,Shorts,10280629207331,75.00,N/A
ANTA,Men's ANTA Short-Sleeve Tee,T Shirts,10280620982563,60.00,N/A
ANTA,"ANTA KAI 1 SPEED ""Celestial Guardian""",Basketball Shoes,9846420898083,100.00,N/A
ANTA,ANTA KT FLY,Basketball Shoes,10275629695267,80.00,N/A
ANTA,"ANTA KAI 2 ""Triple Black""",Basketball Shoes,9910040035619,125.00,N/A
ANTA,"ANTA KAI 3 ""Triple Black""",Basketball Shoes,10274272084259,135.00,N/A
ANTA,"ANTA KAI 2 ""White Phantom""",Basketball Shoes,9928095891747,125.00,N/A
ANTA,ANTA Hélà Knit Track Top,Hoodies,9613927907619,47.50,N/A
ANTA,ANTA Hélà Kin Pants,Pants,9994027925795,100.00,N/A
ANTA,ANTA KAI 2 Mules,Slides,10267976335651,135.00,N/A
ANTA,ANTA Hélà Kaimono Jacket,Jacket,9994072097059,200.00,N/A
ANTA,ANTA Hélà Woven Track Pants,Pants,9731498606883,112.00,N/A
ANTA,ANTA Short-Sleeve Tee,T Shirts,9731485204771,18.00,N/A
ANTA,ANTA KAI Tee,T Shirts,9015490314531,22.50,100% cotton comfort
CHINASQUAD,70 Wool Stand Collar Coat | Final Sale,Coats,9209626755300,159.99,N/A
CHINASQUAD,Vintage Lace Halter Mini Dress | Final Sale,Mini Dresses,9209626362084,79.99,N/A
CHINASQUAD,Structured Mesh Corset Bustier | Final Sale,Vest & Tank Tops,9209626099940,88.99,"39% 
 Design in"
CHINASQUAD,Double Layer Pearl Metal Choker,Necklaces,9085513203940,35.00,N/A
CHINASQUAD,Textured Stand Collar Cardigan,Cardigans,9209567805668,94.00,"74.1% 
 Design in"
CHINASQUAD,Cape Collar Cropped Jacket,Jackets,9209567707364,123.00,"100% 
 Design in"
CHINASQUAD,Waffle Knit Toggle Collar Cardigan,Cardigans,9209567477988,103.00,"47.5% 
 Design in"
CHINASQUAD,Brushed Belted Short Trench Jacket,Trench Coats,9209567379684,111.00,"100% 
 Design in"
CHINASQUAD,Matte Oversized Faux-Leather Jacket,Leather Jackets,9209567314148,135.00,"100% 
 Design in"
CHINASQUAD,Textured Lace Waist-Shaped Shirt,Blouses,9209567248612,77.00,"82.6% 
 Design in"
CHINASQUAD,Fair Isle Jacquard Knit Cardigan,Cardigans,9209567183076,72.00,"57.7% 
 Design in"
CHINASQUAD,Brushed Wool Blend Short Coat,Coats,9209567052004,113.00,"100% 
 Design in"
CHINASQUAD,Distressed Utility PU Leather Jacket,Leather Jackets,9209566986468,145.00,"100% 
 Design in"
CHINASQUAD,Wool Blend Shawl Cardigan,Cardigans,9209566822628,67.00,"45.2% 
 Design in"
CHINASQUAD,Faux-Leather Lychee-Texture Moto Jacket,Leather Jackets,9209566626020,128.00,"100% 
 Design in"
CHINASQUAD,Pleated Stand-Collar Utility Jacket,Jackets,9209566494948,145.00,"100% 
 Design in"
CHINASQUAD,Feather Flower Statement Brooch,,9209566298340,22.00,"100% 
 Design in"
CHINASQUAD,Metallic Textured Knit Cardigan,Cardigans,9209566134500,94.00,"54.7% 
 Design in"
CHINASQUAD,Cashmere Layered Fitted T-shirt,T-Shirt & Polos,9209565937892,47.00,"54.1% 
 Design in"
CHINASQUAD,Ruched Lace Layered Top,T-Shirt & Polos,9209565610212,47.00,"88.8% 
 Design in"
CHINASQUAD,Modal Draped Layered Top,T-Shirt & Polos,9209565216996,67.00,"41.8% 
 Design in"
CHINASQUAD,Brushed Cable-Knit Fitted Cardigan,Cardigans,9209564627172,69.00,"65.0% 
 Design in"
CHINASQUAD,Wool Ribbed Polo Top,T-Shirts & Polos,9209564168420,72.00,"45.6% 
 Design in"
CHINASQUAD,Lyocell Asymmetric Cutout Top,Blouses,9209563676900,47.00,"94.8% 
 Design in"
CHINASQUAD,Lace Trim Fitted Top,Blouses,9209563414756,56.00,"92% 
 Design in"
CHINASQUAD,Lace Trim Built-In Bra Cami,Vest & Tank Tops,9209563218148,34.00,"100% 
 Design in"
CHINASQUAD,Air-Layer Hooded Skirt Set,Hoodies,9209562988772,98.00,"96.2% 
 Design in"
CHINASQUAD,Lace Trim Layered Long-Sleeve Top,T-Shirts & Polos,9209562792164,56.00,"63.2% 
 Design in"
CHINASQUAD,Lace Ruched Camisole Dress,Mini Dresses,9209562071268,49.00,"94.8% 
 Design in"
CHINASQUAD,Contrast Trim Hooded Tracksuit Set,Hoodies,9209561546980,72.00,"37% 
 Design in"
ADEAM,Beige Kimono Bag,ACCESSORIES,4662532079697,795.00,N/A
ADEAM,Iced Pearl Ring,accessories,4662531850321,265.00,N/A
ADEAM,Pearl Crown Ring,"ring, jewelry, accessories",4662531784785,265.00,N/A
ADEAM,Lucite Crown Ring,"jewelry, accessories",4701907779665,265.00,N/A
ADEAM,Salmon Kimono Bag,"handbag, accessories",4662532112465,795.00,N/A
ADEAM,Emerald Empress Ring,ACCESSORIES,4701921837137,325.00,N/A
ADEAM,Pearl Chandelier Earrings,"jewelry, accessories",4701907845201,275.00,N/A
ADEAM,White Empress Ring,"jewelry, accessories",4701921902673,325.00,N/A
ADEAM,Midnight Japanese Crepe Headband,ACCESSORIES,4707505995857,90.00,N/A
ADEAM,Emerald Empress Ear Cuff,ACCESSORIES,4701921935441,265.00,N/A
ADEAM,Sunrise Orange Japanese Crepe Headband,ACCESSORIES,4707506094161,90.00,N/A
ADEAM,Pine Green Japanese Crepe Headband,ACCESSORIES,4707506028625,90.00,N/A
ADEAM,Powder Blue Textured Satin Headband,ACCESSORIES,4707506225233,90.00,N/A
ADEAM,Mauve Pink Textured Satin Headband,ACCESSORIES,4707506192465,90.00,N/A
ADEAM,Black Textured Satin Headband,ACCESSORIES,4707506126929,90.00,N/A
ADEAM,White Yoyogi Sweatshirt,Sweatshirt,7008626344114,395.00,N/A
ADEAM,Black Yoyogi Sweatshirt,Sweatshirt,7008626245810,395.00,N/A
ADEAM,Mauve Pink Hair Tie,,6054647890098,60.00,N/A
ADEAM,Black Hair Tie,,6054571278514,60.00,N/A
ADEAM,Khaki Urahara Top,Sweatshirt,7008626507954,450.00,N/A
ADEAM,Black Urahara Top,Sweatshirt,7008626409650,450.00,N/A
ADEAM,Black Logo T-Shirt,T-Shirt,7008626606258,195.00,N/A
ADEAM,Daikanyama Top,T-Shirt,7008626573490,325.00,N/A
ADEAM,Steel Grey Shibuya Pant,Pants,7008626868402,425.00,N/A
ADEAM,Khaki Shibuya Pant,Pants,7008626802866,425.00,N/A
ADEAM,Forest Green Shibuya Pant,Pants,7008626770098,425.00,N/A
ADEAM,Black Shibuya Pant,Pants,7008626737330,425.00,N/A
ADEAM,Black Omotesando Sweater,Sweater,7008626966706,550.00,N/A
ADEAM,Omotesando Cardigan,Sweater,7008626901170,525.00,N/A
ADEAM,Black Gaien Cardigan,Sweater,7008627130546,525.00,N/A
DAWANG,Fan Reversible Bucket Hat Denim/Green,,8990942003349,28.00,N/A
DAWANG,FU DAI Reversible Apron top,Apparel & Accessories,7846795673749,18.00,"100% Polyester 
 Brocade"
DAWANG,Dori Brocade Straight Collar Shirt,Apparel & Accessories,7906805088405,68.00,N/A
DAWANG,La Contrast Apron Top,Apparel & Accessories,8042952589461,68.00,100% Cotton  Brocade
DAWANG,Dong Cropped Reversible Apron Top Periwinkle/Pink,Apparel & Accessories,8990914248853,58.00,N/A
DAWANG,Wei Open Front Cropped Jacket,Apparel & Accessories,7759500148885,28.00,"100% Polyester 
   
 Brocade"
DAWANG,Hai Brocade Patchwork Crop Top Black,Apparel & Accessories,9309984096405,98.00,100% Polyester Brocade
DAWANG,Hai Brocade Patchwork Crop Top Green,Apparel & Accessories,9309985636501,108.00,100% Polyester Brocade
DAWANG,Song V Wrap Brocade Crop Top Black,Apparel & Accessories,9309986193557,88.00,100% Polyester Brocade
DAWANG,Song V Wrap Brocade Crop Top Green,Apparel & Accessories,9309986259093,98.00,100% Polyester Brocade
DAWANG,Deng Cotton/Brocade Patch Pants,Apparel & Accessories,9309986652309,168.00,100% Cotton  Brocade
DAWANG,Zhen Side Button Mini Skirt Green,Apparel & Accessories,9309986881685,108.00,70% Polyester 30
DAWANG,Dan Brocade Patch Mini Skirt,Skirt,9309987766421,98.00,100% Cotton  Brocade
DAWANG,Ku Tank Top Grey,Apparel & Accessories,9278290133141,68.00,94% Cotton 6
DAWANG,Ku Tank Top Pink,Apparel & Accessories,9278302158997,68.00,94% Cotton 6
DAWANG,Sa Oversized T-shirt Black,Apparel & Accessories,9278324965525,78.00,"100% Cotton  
 
 
 
 
 S"
DAWANG,Wa Baby T-Shirt,Apparel & Accessories,9278429036693,78.00,94% Cotton 6
DAWANG,Pan Oversized Side Button T-shirt,Apparel & Accessories,9278443061397,88.00,N/A
DAWANG,Dao Sleeveless Mini Tank Dress Grey,Apparel & Accessories,9278454530197,98.00,94% Cotton 6
DAWANG,Dao Sleeveless Mini Tank Dress Pink,Apparel & Accessories,9278467276949,98.00,94% Cotton 6
DAWANG,Thunder 80 Patchwork Double Layer Hoodie,,8464890429589,148.00,100% Cotton  Brocade
DAWANG,Dong Cropped Reversible Apron Top Periwinkle/Blue,Apparel & Accessories,7913450864789,58.00,N/A
DAWANG,Hei Open Collar Crop Top,Apparel & Accessories,7768781914261,58.00,"100% Polyester 
 Brocade"
DAWANG,Huan Brocade Foldable Fan Silver,,8085154693269,28.00,N/A
DAWANG,Bu Sleeveless Top Baby Pink x DAWANG²,Apparel & Accessories,9205524168853,88.00,70% Polyester 30
DAWANG,Bu Sleeveless Top Pink Cosmo x DAWANG²,Apparel & Accessories,9205523972245,88.00,70% Polyester 30
DAWANG,Du Crop T-Shirt x Void Collective,Apparel & Accessories,9205523906709,68.00,94% Cotton 6
DAWANG,Laba Patch Denim Flared Jeans x Void Collective,Apparel & Accessories,9205523841173,178.00,100% Cotton Brocade
DAWANG,Fa Wide Leg Denim Jeans x Void Collective,pants,9205523808405,158.00,100% Cotton DAWANG
DAWANG,Jun WideLeg Denim/Brocade Patch Jeans x Void Collective,pants,9205496873109,168.00,100% Cotton  Brocade
YANYAN KNITS,Daisy Tie Hood,Knitwear,10030478786807,280.00,100% cozy lambswool
YANYAN KNITS,Daisy Check Oversized Pant,Knitwear,10030478295287,540.00,100% cozy lambswool
YANYAN KNITS,Daisy Check V-Neck Boxy Waistcoat,Knitwear,10030478098679,460.00,100% lambswool tonal
YANYAN KNITS,Daisy Check Boxy Jacket with Removable Hood,Knitwear,10030477967607,780.00,100% lambswool tonal
YANYAN KNITS,Mismatched Stripe Mockneck Tank,Knitwear,10030481834231,330.00,100% merino wool
YANYAN KNITS,Mismatched Stripe Mockneck LS Pullover,Knitwear,10030481768695,400.00,100% merino wool
YANYAN KNITS,Mismatch Sleeveless Polo Dress,Knitwear,10030481670391,590.00,100% merino wool
YANYAN KNITS,Mismatch Crew Pullover,Knitwear,10030481604855,480.00,100% merino wool
YANYAN KNITS,Mismatch Shift Skirt,Knitwear,10030481572087,530.00,100% merino wool
YANYAN KNITS,Mismatch Multi Placket Cardigan,Knitwear,10030481473783,590.00,100% merino wool
YANYAN KNITS,Frosty Jacket,Knitwear,10030481408247,680.00,70% Merino Wool
YANYAN KNITS,Frosty Tie Hood,Knitwear,10030481342711,320.00,70% Merino Wool
YANYAN KNITS,Frosty Shawl Cardigan,Knitwear,10030481309943,780.00,70% Merino Wool
YANYAN KNITS,Frosty Pouch,Knitwear,10030481178871,270.00,70% Merino Wool
YANYAN KNITS,Frosty Beanie,Knitwear,10030481113335,240.00,70% Merino Wool
YANYAN KNITS,Lattice Midi Skirt with Lining,Knitwear,10030480883959,400.00,100% organic cotton
YANYAN KNITS,Lattice Cardigan,Knitwear,10030480720119,450.00,100% organic cotton
YANYAN KNITS,Bow Zigzag Stripe Easy Pant,Knitwear,10030480425207,460.00,100% cotton in
YANYAN KNITS,Bow Zigzag Stripe Maxi Skirt,Knitwear,10030480359671,380.00,100% cotton in
YANYAN KNITS,Bow Zigzag Stripe Tank,Knitwear,10030480228599,280.00,100% cotton in
YANYAN KNITS,Bow Zigzag Stripe SS Tee,Knitwear,10030480097527,300.00,100% cotton in
YANYAN KNITS,Zigzag Stripe Mockneck LS Pullover,Knitwear,10030479900919,320.00,100% cotton in
YANYAN KNITS,Multi Bows Easy Pant,Knitwear,10030479442167,650.00,52% Lambswool 48
YANYAN KNITS,Multi Bows Midi Skirt,Knitwear,10030479343863,570.00,52% Lambswool 48
YANYAN KNITS,Multi Bows Pullover,Knitwear,10030479180023,590.00,52% Lambswool 48
YANYAN KNITS,Multi Bows Jacket,Knitwear,10030479114487,680.00,51% Lambswool and 49% Cotton
YANYAN KNITS,Wawa Pullover,Knitwear,10030470496503,530.00,100% supersoft lambswool
YANYAN KNITS,Garden Stripe Hoody,Knitwear,10030470070519,540.00,100% Lambswool
YANYAN KNITS,Garden Check Armwarmer,Knitwear,10030470004983,220.00,100% Lambswool
YANYAN KNITS,Garden Check Apron,Knitwear,10030469906679,290.00,100% Lambswool
TAE PARK,Present Dress Silver,Dress,8067445784725,810.00,100% Silk Charmeuse
TAE PARK,Sculpted Suit Shorts Ivory,Bottoms,8584392638613,445.00,100% Cotton
TAE PARK,Sheer Kite Top Chartreuse,Tops,9078818504853,350.00,"100% Silk  
 Care"
TAE PARK,Flowy Chiffon Skirt Chartreuse,Bottoms,9078825549973,650.00,100% Silk Chiffon
TAE PARK,Flowy Chiffon Skirt Sky Blue Matcha,Bottoms,9078825287829,650.00,100% Silk Chiffon
TAE PARK,Embellished Napkin Top Dark Grey,Tops,9132106973333,625.00,100% Silk Taffeta
TAE PARK,Embellished Napkin Top Red Orange,Tops,9038474346645,625.00,100% Silk Taffeta
TAE PARK,Sheer Table Skirt Red Orange,Bottoms,9038470512789,530.00,100% Silk Organza
TAE PARK,Sheer Table Skirt Emerald,Bottoms,9038470578325,530.00,100% Silk Organza
TAE PARK,Flowy Chiffon Skirt Black Cherry Magenta,Bottoms,9078825320597,650.00,100% Silk Chiffon
TAE PARK,Chiffon Wrap Top Black Cherry Magenta,Tops,9072298295445,580.00,"100% Silk  
 Care"
TAE PARK,Chiffon Wrap Top Sky Blue Matcha,Tops,9072298197141,580.00,"100% Silk  
 Care"
TAE PARK,Sheer Table Skirt Grey Cat,Bottoms,9038468874389,530.00,100% Silk Organza
TAE PARK,Art Deco Ruched Button Top Off White,Tops,9038474674325,550.00,"66% Rayon, 30% Nylon, 4% Spandex"
TAE PARK,Versailles Top Holiday Edition,Tops,9038909571221,865.00,100% pima cotton
TAE PARK,Art Deco Ruched Button Top Lace,Tops,9038475165845,550.00,"13% Cotton, 52% Polyester, 35% Polyamide"
TAE PARK,Doily Mini Dress,Dress,9038914846869,685.00,100% Pima Cotton
TAE PARK,Sheer Table Skirt Black,Bottoms,9121793245333,530.00,100% Silk Organza
TAE PARK,Embellished Napkin Top White,Tops,9038471037077,625.00,100% Silk Taffeta
TAE PARK,Embellished Napkin Top Stone Grey,Tops,9121751990421,625.00,100% Silk Taffeta
TAE PARK,Embellished Napkin Top Chartreuse,Tops,9038470774933,625.00,100% Silk Taffeta
TAE PARK,Beaded Ruched Bralette Top Black,Tops,9038463303829,530.00,"100% Silk Organza,   100% Pima"
TAE PARK,Sculpted Halter Top Brown,Tops,9038917730453,695.00,"100% Cotton Canvas, 100% Silk"
TAE PARK,Beaded Ruched Bralette Top Grey Cat,Tops,9038413627541,530.00,"100% Silk Organza,   100% Pima"
TAE PARK,Sculpted Halter Top White,Tops,9038920908949,695.00,"100% Cotton Canvas, 100% Silk"
TAE PARK,Lamp Dress Navy Powder Pink,Dress,8806167609493,438.00,100% Poly Satin
TAE PARK,Lamp Dress Black,Dress,8806166921365,438.00,100% Poly Satin
TAE PARK,Lamp Dress White,Dress,8806163447957,438.00,100% Poly Satin
TAE PARK,Versailles Top,Tops,8806147195029,625.00,100% Cotton Canvas
TAE PARK,Babydoll Top,Tops,8806105448597,530.00,100% Pima Cotton
HYEIN SEO,Short Sleeve Shirt w/ Pin,Shirt,7717094916207,209000,92% Cotton 8
HYEIN SEO,Alpaca Muffler <Sept. 3>,Muffler,15417013010543,172000,46% Acrylic 37
HYEIN SEO,Alpaca Muffler <Sept. 3>,Muffler,15417010684015,172000,46% Acrylic 37
HYEIN SEO,Knit Headband <Sept. 3>,Headband,15416981225583,119000,50% Wool 25
HYEIN SEO,Knit Cap,Cap,15416981094511,156000,50% Wool 35
HYEIN SEO,Wool Beret <Sept. 3>,Cap,15416980242543,176000,100% Wool
HYEIN SEO,Wool Beret <Sept. 3>,Cap,15416979914863,176000,100% Wool
HYEIN SEO,Leather Pouch Bag,Bag,15416978702447,298000,100% Lambhide
HYEIN SEO,Messenger Bag <Sept. 4>,Bag,15416977621103,387000,"100% Cotton, 100% Cowhide"
HYEIN SEO,Messenger Bag <Sept. 4>,Bag,15416974868591,387000,"100% Cotton, 100% Cowhide"
HYEIN SEO,Fur Pocket Pants w/ Leather Belt,Pants,15416970707055,529000,"100% Cotton, 100% Polyester"
HYEIN SEO,Convertible Pants,Pants,15416969265263,462000,73% Cotton 27
HYEIN SEO,Convertible Pants,Pants,15416967102575,462000,73% Cotton 27
HYEIN SEO,Low-Rise Pants,Pants,15416965595247,568000,"100% Cotton, 65% Cotton 35% Nylon"
HYEIN SEO,Low-Rise Pants,Pants,15416962777199,568000,"100% Cotton, 65% Cotton 35% Nylon"
HYEIN SEO,Detachable Bag Pants,Pants,15416961302639,580000,"100% Cotton
 
 
 
 
 Size"
HYEIN SEO,Detachable Bag Pants,Pants,15416955830383,580000,"100% Cotton 
 
 
 
 Size"
HYEIN SEO,Cinch-Back Pants,Pants,15416952815727,522000,"100% Cotton, 100% Goat"
HYEIN SEO,Cinch-Back Pants,Pants,15416949178479,522000,"100% Cotton, 100% Goat"
HYEIN SEO,Denim Pants w/ String Belt,Pants,15416945737839,533000,100% Cotton Belt
HYEIN SEO,Leather-Trim Pants,Pants,15416943738991,419000,"100% Cotton, 100% Goat"
HYEIN SEO,Leather-Trim Pants,Pants,15416925782127,419000,"100% Cotton, 100% Goat"
HYEIN SEO,Pleated Mini Skirt w/ Leather Belt,Skirt,15413971550319,391000,65% Polyester 33
HYEIN SEO,Pleated Mini Skirt w/ Leather Belt,Skirt,15413967650927,391000,100% Polyester
HYEIN SEO,Wrap Mini Skirt,Skirt,15413965521007,348000,80% Polyester 20
HYEIN SEO,Wrap Mini Skirt,Skirt,15413963325551,348000,72% Polyester 26
HYEIN SEO,Mermaid Skirt w/ Feather Bag,Skirt,15413960540271,422000,"100% Polyester, 93% Polyester 7% Polyurethane"
HYEIN SEO,Mermaid Skirt w/ Feather Bag,Skirt,15413943500911,422000,"100% Polyester, 93% Polyester 7% Polyurethane"
HYEIN SEO,Leather Strap Dress,Dress,15413938716783,592000,"100% Wool, 100% Tencel"
HYEIN SEO,Hooded Sleeveless,Top,15413935407215,211000,94% Rayon 6
BAD BINCH TONGTONG,Strapless Bubble Cloud Dress,Dresses,7680893878470,599.00,N/A
BAD BINCH TONGTONG,Multi-Color: HOOP RIB KNIT DRESS,Dresses,7722330325190,699.00,6% Merino Wool 20% Acrylic 20% Nylon 54% Polyester
BAD BINCH TONGTONG,Modal Hoop Skirt,Skirts,7680884310214,315.00,N/A
BAD BINCH TONGTONG,Asymmetric Hoop Skirt,Skirts,6783463030982,599.00,100% Modal asymmetrical
BAD BINCH TONGTONG,Candice Pink Flared Pleated Dress,Dresses,8827684028614,375.00,N/A
BAD BINCH TONGTONG,BoBois Long Sleeve Pleated Dress,Dresses,8827682947270,1150.00,N/A
BAD BINCH TONGTONG,Floral Wavy Pleated Dress,Dresses,8827681767622,950.00,N/A
BAD BINCH TONGTONG,Aetherial Halter Pleated Dress,Dresses,8827680719046,850.00,N/A
BAD BINCH TONGTONG,Cloud Ruche Midi Skirt,Skirt,8764563292358,398.00,N/A
BAD BINCH TONGTONG,Cloud Hem Ruche Skirt,Skirt,8764562800838,348.00,N/A
BAD BINCH TONGTONG,Butterfly Cutout Ruche Top,Shirts & Tops,8764562243782,248.00,N/A
BAD BINCH TONGTONG,Cloud Ruche Dress,Dresses,8764561785030,598.00,N/A
BAD BINCH TONGTONG,The Mermaid Strapless Knit Top,Shirts & Tops,8764556214470,299.00,N/A
BAD BINCH TONGTONG,The Mermaid Knit Top,Shirts & Tops,8764555526342,299.00,N/A
BAD BINCH TONGTONG,The Euclid Pleated Skirt,Skirts,8764551987398,660.00,N/A
BAD BINCH TONGTONG,Orbital Drift Long Necklace,necklace,8737868873926,338.00,N/A
BAD BINCH TONGTONG,Rope Seal Studs,earrings,8737867399366,198.00,N/A
BAD BINCH TONGTONG,The Devotion Ring - Silver,,8737866744006,299.00,N/A
BAD BINCH TONGTONG,The Devotion Ring - Gold,,8737866645702,299.00,N/A
BAD BINCH TONGTONG,Orbital Lily Cuff - Gold,,8737861304518,318.00,N/A
BAD BINCH TONGTONG,Orbital Lily Cuff - Silver,,8737861238982,318.00,N/A
BAD BINCH TONGTONG,Falling Star Ring,,8737847115974,188.00,N/A
BAD BINCH TONGTONG,Stellar Vow Bracelet,,8737836630214,248.00,N/A
BAD BINCH TONGTONG,Lily Cross Mini Hoops - Gold,earrings,8737825456326,218.00,N/A
BAD BINCH TONGTONG,Lily Cross Mini Hoops - Silver,earrings,8737824932038,218.00,N/A
BAD BINCH TONGTONG,Lily Cross Hoops - Silver,earrings,8737818345670,222.00,N/A
BAD BINCH TONGTONG,Lily Cross Hoops - Gold,earrings,8737817002182,222.00,N/A
BAD BINCH TONGTONG,Lily Cross Studs - Gold,earrings,8737812480198,168.00,N/A
BAD BINCH TONGTONG,Calla Cross Studs - Silver,earrings,8737808875718,168.00,N/A
BAD BINCH TONGTONG,Quiet Cross Ring - Silver,Rings,8737799012550,198.00,N/A
LUU DAN,BLACKLISTED WINDBREAKER L-D,Jacket,11009535148299,720.00,100% Polyamide
LUU DAN,CARGO FLIGHT JACKET,Jacket,11009534951691,2170.00,45% Polyurethane 55
LUU DAN,WINDBREAKER L-D,Jacket,11009534886155,960.00,52% Polyethylene 48
LUU DAN,LEATHER BLAZER,Jacket,11009534820619,3130.00,100% Lamb Nappa
LUU DAN,BLACKLISTED UNIFORM SHIRT,Shirt,11009535803659,310.00,100% Cv Ecovero
LUU DAN,BLACKLISTED AFTERMATH HOODIE,Hoodie,11009535738123,400.00,100% Cotton
LUU DAN,BLACKLISTED GYM SWEATPANTS,Sweatpants,11009535607051,370.00,100% Cotton
LUU DAN,STACKED PANTS,Pants,11009535246603,720.00,52% Polyethylene 48
LUU DAN,BLACKLISTED SCHOOL BOY POLO,Polo,11009536262411,290.00,100% Cotton
LUU DAN,BLACKLISTED BOX TEE,T-Shirt,11009536000267,150.00,100% Cotton
LUU DAN,MASKED MESH TOP,T-Shirt,11009535934731,300.00,92% Cotton 8
LUU DAN,OVERSIZED LONG SLEEVE TEE,T-Shirt,11009535836427,420.00,100% Polyester
LUU DAN,MISFIT LONG SLEEVE,SHIRTS,8942254948619,765.00,100% POLYESTER
LUU DAN,PUFFA SHORTS RESTOCK,SHORTS,10981850054923,785.00,100% COTTON
LUU DAN,METAL HEAD SLEEVELESS TEE,T-Shirt,10971410333963,280.00,100% COTTON
LUU DAN,UNISEX LEOPARD GRAPHIC T-SHIRT,T-Shirt,10971410301195,265.00,100% COTTON
LUU DAN,RAW-CUT BONTAN,Sweatpants,10971410268427,525.00,100% COTTON
LUU DAN,SIDE ZIP JEANS,Jeans,10971410235659,685.00,100% COTTON
LUU DAN,SIDE ZIP JEANS,Jeans,10971410202891,895.00,100% COTTON
LUU DAN,BAGGY BONTAN SWEATPANTS,Sweatpants,10971410039051,390.00,100% COTTON
LUU DAN,KRISS KROSS SHORTS,Shorts,10971410006283,600.00,100% COTTON
LUU DAN,WADDED CARGO VEST,Vest,10971409973515,1275.00,100% COTTON
LUU DAN,WASHED ZIP HOODIE,Hoodie,10971409940747,595.00,100% COTTON
LUU DAN,DISTORTED MA1,Jacket,10971409842443,975.00,100% RECYCLED POLYAMIDE
LUU DAN,TWISTED SNAKE COWBOY BELT,Belt,10971409744139,445.00,100% CALF LEATHER
LUU DAN,RINGER TEE,T-SHIRT,10954292855051,320.00,95% COTTON 5
LUU DAN,RINGER TEE,T-SHIRT,10954292822283,320.00,95% COTTON 5
LUU DAN,HEAVY WEIGHT GYM HOODIE,HOODIE,10954292789515,560.00,100% COTTON
LUU DAN,SLEAZE SHIRT,SHIRT,10954292756747,790.00,100% POLYESTER
LUU DAN,CONCERT TEE,T-SHIRT,10954292691211,400.00,100% COTTON
KARTIK RESEARCH,SILK SLEEVE KNIT,Knit,9233079238794,620.00,N/A
KARTIK RESEARCH,RUGBY KNIT,Knit,9232974479498,740.00,N/A
KARTIK RESEARCH,PATCHWORK DENIM TROUSER,Pant,9232947937418,590.00,N/A
KARTIK RESEARCH,LIME SULTAN PANT,Pant,9232891084938,530.00,N/A
KARTIK RESEARCH,PINSTRIPE SHIRT,Shirt,9232821420170,355.00,N/A
KARTIK RESEARCH,RUGBY SHIRT,Shirt,9232783769738,590.00,N/A
KARTIK RESEARCH,BHUTIA SHIRT,Shirt,9232624517258,355.00,N/A
KARTIK RESEARCH,HIGH TWIST SHIRT,Shirt,9232581492874,390.00,N/A
KARTIK RESEARCH,INDIGO CHECK SHIRT,Shirt,9232536699018,355.00,N/A
KARTIK RESEARCH,INDIGO ZARI CHECK SHIRT,Shirt,9232483942538,390.00,N/A
KARTIK RESEARCH,BLOCK PRINT SILK SHIRT,Shirt,9232425681034,570.00,N/A
KARTIK RESEARCH,BLOCK PRINT SHIRT,Shirt,9232358146186,570.00,N/A
KARTIK RESEARCH,BLOCKPRINT SILK CHECK SHIRT,Shirt,9230241562762,610.00,N/A
KARTIK RESEARCH,BLOCKPRINT SILK SHIRT,Shirt,9230189363338,610.00,N/A
KARTIK RESEARCH,FRENCH KNOT SHIRT,Shirt,9230116094090,440.00,N/A
KARTIK RESEARCH,HAND QUILTED SHIRT,Shirt,9230031224970,555.00,N/A
KARTIK RESEARCH,VINTAGE KANTHA HOODIE,,9227445043338,440.00,N/A
KARTIK RESEARCH,ECRU KANTHA VEST,Jacket,9223895023754,590.00,N/A
KARTIK RESEARCH,KAZA PATCHWORK PANT,Pant,8929993883786,895.00,N/A
KARTIK RESEARCH,BROWN LEATHER ATMA TOTE,Bags,9035728224394,980.00,N/A
KARTIK RESEARCH,RABARI LOAFER,Shoe,8927089983626,675.00,N/A
KARTIK RESEARCH,RABARI LOAFER,Shoe,8927099519114,675.00,N/A
KARTIK RESEARCH,SAFARI JACKET,Jacket,8903137984650,690.00,N/A
KARTIK RESEARCH,CRASH KANTHA BLAZER,Jacket,8902101827722,900.00,N/A
KARTIK RESEARCH,LEH CARGO TROUSER,Pant,8929673281674,765.00,N/A
KARTIK RESEARCH,KANTHA CARGO SHORTS,Short,8930082619530,690.00,N/A
KARTIK RESEARCH,CHIKANKARI TEE,,8930124300426,220.00,100% organic cotton
KARTIK RESEARCH,BHUTIA SHIRT,,9018574143626,385.00,N/A
KARTIK RESEARCH,RABARI BIG SHORTS,Short,8930036154506,580.00,N/A
KARTIK RESEARCH,BAALTI SHORTS,Short,8930057289866,520.00,N/A
TAIGA TAKAHASHI,CASHMERE STOLE,TW26AW001-021,15371558551718,198000,N/A
TAIGA TAKAHASHI,INFINITE DRESS,TW26AW901-003,15447840129190,170500,N/A
TAIGA TAKAHASHI,STAND COLLAR LEATHER JACKET,TW26AW806-019,15447840030886,825000,N/A
TAIGA TAKAHASHI,STAND COLLAR LEATHER JACKET,TW26AW806-019,15447839801510,352000,N/A
TAIGA TAKAHASHI,BABY CASHMERE NO SLEEVE PULLOVER,TW26AW512-016,15447839539366,46200,N/A
TAIGA TAKAHASHI,BABY CASHMERE BOTTLE NECK PULLOVER,TW26AW511-016,15447839441062,74800,N/A
TAIGA TAKAHASHI,BABY CASHMERE BOTTLE NECK PULLOVER,TW26AW511-016,15447839375526,74800,N/A
TAIGA TAKAHASHI,DOLMAN BALMACAAN COAT,TW26AW402-006,15447839309990,231000,N/A
TAIGA TAKAHASHI,DOLMAN BALMACAAN COAT,TW26AW402-006,15447839244454,231000,N/A
TAIGA TAKAHASHI,BELTED JACKET,TW26AW301-005,15447839178918,101200,N/A
TAIGA TAKAHASHI,BELTED JACKET,TW26AW301-005,15447839113382,101200,N/A
TAIGA TAKAHASHI,BELTED JACKET,TW26AW301-003,15447839047846,198000,N/A
TAIGA TAKAHASHI,EASY PANTS,TW26AW206-003,15447838982310,132000,N/A
TAIGA TAKAHASHI,SIDE OPEN TROUSERS,TW26AW204-006,15447838916774,93500,N/A
TAIGA TAKAHASHI,SIDE OPEN TROUSERS,TW26AW204-006,15447838851238,93500,N/A
TAIGA TAKAHASHI,WIDE TUCK TROUSERS,TW26AW203-005,15447838752934,79200,N/A
TAIGA TAKAHASHI,WIDE TUCK TROUSERS,TW26AW203-005,15447838687398,79200,N/A
TAIGA TAKAHASHI,PIN TUCK STAND COLLAR BLOUSE,TW26AW103-002,15447838621862,74800,N/A
TAIGA TAKAHASHI,PIN TUCK STAND COLLAR BLOUSE,TW26AW103-002,15447838523558,74800,N/A
TAIGA TAKAHASHI,LOT.723 WORK TROUSERS,TT26AW723,15447832887462,88000,N/A
TAIGA TAKAHASHI,LOT.722 US LETTER CARRIER DB JACKET,TT26AW722,15447832821926,132000,N/A
TAIGA TAKAHASHI,LOT.721 DAMAGED DENIM TROUSERS C.1930’S,TT26AW721,15447832756390,71500,N/A
TAIGA TAKAHASHI,LOT.720 DENIM JACKET C.1930’S,TT26AW720,15447832690854,79200,N/A
TAIGA TAKAHASHI,LOT.624 NORDIC PATTERN SWEATSHIRT,TT26AW624,15447758536870,60500,N/A
TAIGA TAKAHASHI,LOT.624 NORDIC PATTERN SWEATSHIRT,TT26AW624,15447758504102,60500,N/A
TAIGA TAKAHASHI,LOT.615 FULL ZIP SWEAT PARKA,TT26AW615,15447758471334,52800,N/A
TAIGA TAKAHASHI,LOT.615 FULL ZIP SWEAT PARKA,TT26AW615,15447758405798,52800,N/A
TAIGA TAKAHASHI,LOT.603 SWEAT SHIRT,TT26AW603,15447758340262,74800,N/A
TAIGA TAKAHASHI,LOT.603 SWEAT SHIRT,TT26AW603,15447758274726,38500,N/A
TAIGA TAKAHASHI,LOT.603 SWEAT SHIRT,TT26AW603,15447758143654,38500,N/A
DOUBLET,AIR PILLOW BAMBOO HANDLE BAG: BROWN,,9310869749986,83600,N/A
DOUBLET,TWISTER HOODIE: WHITE,,9310147018978,53900,N/A
DOUBLET,TWISTER HOODIE: WHITE,,9309900701922,74800,N/A
DOUBLET,INFLATED BALLOON LEATHER JACKET,,9309863641314,173800,N/A
DOUBLET,TAILORING WORK JACKET,,9309853548770,93500,N/A
DOUBLET,THREADLESS AIR EMBROIDERY SOUVENIR JACKET : BLACK,,9309765271778,68200,N/A
DOUBLET,THREADLESS AIR EMBROIDERY SOUVENIR JACKET : BLACK,,9309753311458,107800,N/A
DOUBLET,TROMPE L’OEIL EMBROIDERY TRACK PANTS,,9309746430178,96800,N/A
DOUBLET,MOON WALK LEATHER PANTS,,9309744398562,231000,N/A
DOUBLET,AIR YARN EMBROIDERY TAILORED JACKET,,9305926074594,198000,N/A
DOUBLET,RIB CAGE CABLE KNIT VEST: NAVY,,9302969057506,46200,N/A
DOUBLET,RIB CAGE CABLE KNIT VEST: IVORY,,9302968107234,46200,N/A
DOUBLET,RIB CAGE CABLE KNIT PULLOVER: NAVY,,9302965420258,61600,N/A
DOUBLET,RIB CAGE CABLE KNIT PULLOVER: IVORY,,9302964863202,61600,N/A
DOUBLET,SHAPE MEMORY MICRO PATTERN TIE: ORANGE,,9302956048610,26400,N/A
DOUBLET,SHAPE MEMORY MICRO PATTERN TIE: GREEN,,9302955229410,26400,N/A
DOUBLET,SHAPE MEMORY MICRO PATTERN TIE: BLUE,,9302954868962,26400,N/A
DOUBLET,SHAPE MEMORY SHIJIRA TIE: BROWN,,9302954442978,26400,N/A
DOUBLET,SHAPE MEMORY SHIJIRA TIE: GREY,,9302953754850,26400,N/A
DOUBLET,SHAPE MEMORY SHIJIRA TIE: BLACK,,9302953361634,26400,N/A
DOUBLET,JEWELRY ATTACHED LONG GLOVES / SMALL: BLUE,,9302946644194,37400,N/A
DOUBLET,JEWELRY ATTACHED LONG GLOVES / SMALL: PINK,,9302934913250,37400,N/A
DOUBLET,JEWELRY ATTACHED LONG GLOVES / SMALL: GREY,,9302931865826,37400,N/A
DOUBLET,JEWELRY ATTACHED LONG GLOVES / SMALL: BLACK GOLD,,9302926491874,37400,N/A
DOUBLET,JEWELRY ATTACHED LONG GLOVES / SMALL: BLACK SILVER,,9302925148386,37400,N/A
DOUBLET,GAS MASK LEATHER HANDBAG: BLACK,,9302915186914,94600,N/A
DOUBLET,GAS MASK LEATHER HANDBAG: CAMEL,,9302909255906,94600,N/A
DOUBLET,SMOKING FACTORY INTARSIA KNIT PULLOVER: BLACK,,9217435369698,70400,N/A
DOUBLET,AIR DANCER KNIT DRESS / SCARF: RED,,9217436090594,79200,N/A
DOUBLET,SMOKING FACTORY INTARSIA KNIT PULLOVER: BLUE,,9217435468002,70400,N/A
PENG TAI,Jass Jeans Tan,Womens,15018913530238,275.00,N/A
PENG TAI,Furry Umbrella Pouch Bag Chocolate,Womens,14885138399614,210.00,N/A
PENG TAI,Furry Umbrella Pouch Bag Brown Beige,Womens,14874280853886,210.00,N/A
PENG TAI,Cropped Terry Jacket Beige,Womens,14821360337278,447.50,N/A
PENG TAI,Printed Gathered A Cut Maxi Dress,Womens,14821360304510,130.50,N/A
PENG TAI,Backless Flora Maxi Dress Forest Grey,Womens,14821360238974,365.00,N/A
PENG TAI,Cropped Jersey Taichi Ring LS Top Forest Grey,Womens,14821360206206,60.00,N/A
PENG TAI,Cropped Knit Shirt Off White,Womens,14821360173438,67.50,N/A
PENG TAI,Cropped Knit Shirt Roast Almond,Womens,14821360140670,225.00,N/A
PENG TAI,Jersey Taichi Rings LS Top Forest Grey,Womens,14821360075134,225.00,N/A
PENG TAI,Chinese Medicine Print Layered Maxi Skirt,Womens,14531886416254,60.00,N/A
PENG TAI,Layered Maxi Skirt,Womens,14531886317950,150.00,N/A
PENG TAI,Chinese Medicine Print Lace-Up Top,Womens,14531886219646,60.00,N/A
PENG TAI,Chinese Medicine Print Camisole Volume Maxi Dress,Womens,14531886088574,103.00,N/A
PENG TAI,Chinese Medicine Print Volume Maxi Dress,Womens,14531885957502,139.50,N/A
PENG TAI,Velvet Chinese Medicine Print Volume Midi Dress,Womens,14531885859198,515.00,N/A
PENG TAI,High Waist Panel Jeans,Womens,8308865827071,154.50,N/A
PENG TAI,Chinese Medicine Print Chinos,Womens,8308865695999,168.00,N/A
PENG TAI,Panel Volume Maxi Dress,Womens,8308865532159,540.00,N/A
PENG TAI,Chinese Medicine Print Square NL Top,Womens,8308865368319,280.00,N/A
PENG TAI,Dyed Denim AC Pants,Womens,8308864090367,138.00,N/A
PENG TAI,Hand Dyed Camisole Volume Maxi Dress,Womens,8302037991679,660.00,N/A
PENG TAI,Montage Umbrella Pouch,Womens,8253470245119,215.00,N/A
PENG TAI,Jacquard Umbrella Pouch,Womens,8253470179583,215.00,N/A
PENG TAI,Hand Dyed Umbrella Pouch,Womens,8253470114047,215.00,N/A
PENG TAI,Tai Chi Mesh Umbrella Pouch,Womens,8253470081279,215.00,N/A
PENG TAI,Aluminium Satin Umbrella Purse,Womens,7997022339327,265.00,N/A
PENG TAI,Squid Ink Silk Lace Umbrella Purse,Womens,7997022241023,265.00,N/A
PENG TAI,Cotton Chemise Oversize Vanilla Cream,Womens,7953206214911,125.00,N/A
PENG TAI,Cotton Chemise Oversize Frost,Womens,7953206083839,250.00,N/A
TIRADOS,Oilskin Messenger Bag,,9069871759668,250.00,N/A
TIRADOS,Appendage Top,,9069871661364,150.00,"50% graphene modal, 50% cotton"
TIRADOS,Hyde Henley,,9066627629364,100.00,"50% graphene modal, 50% cotton"
TIRADOS,Twin Tail Pants,,9065975972148,245.00,"100% cotton 
 model"
TIRADOS,Shred Tee,,9069872054580,100.00,"50% graphene modal, 50% cotton"
TIRADOS,goodest boy boxers (striped blue),,8908043944244,69.00,100% cotton
TIRADOS,'goodest boy' boxers (sage),,8906139599156,69.00,100% cotton
TIRADOS,goodest boy boxers (striped brown),,8906132521268,69.00,100% cotton
TIRADOS,Soot Trapper Bonnet v.2,,8888271307060,145.00,N/A
TIRADOS,Soot Doe Bonnet v.2,,8888269701428,145.00,N/A
TIRADOS,Soot Winged Bonnet v.2,,8888265179444,145.00,N/A
TIRADOS,Soot Winged Bonnet,,8819426656564,145.00,N/A
TIRADOS,Soot Trapper Bonnet,,8819431604532,145.00,N/A
TIRADOS,Soot Doe Bonnet,,8819430392116,145.00,N/A
TIRADOS,Seed Totem,,8718865367348,69.00,N/A
TIRADOS,Stem Totem,,8718863892788,69.00,N/A
TIRADOS,Knotted Rag Dress (Dark Brown),Shirts,8576237830452,250.00,"50% rayon, 40% nylon, 10% tencel"
TIRADOS,Knotted Rag Dress (Dark Blue),Shirts,8576238125364,250.00,"50% rayon, 40% nylon, 10% tencel"
TIRADOS,Warden's Keyring,,8697223315764,39.00,N/A
TIRADOS,Molar Bag (Soil),,8654409105716,109.00,72% Cotton
TIRADOS,Embroidered Talisman Tank,Shirts,8523493376308,100.00,100% cotton   fabric
TIRADOS,Knit Bib,,8523493278004,59.00,100% merino wool
TIRADOS,Skinny Scarf,,8523493179700,200.00,100% merino wool
TIRADOS,Carmen Vest,Shirts,8523493114164,400.00,60% long staple
TIRADOS,Lyre Bag (Indigo Denim),Bags,8523492950324,390.00,"100% cotton 
fabric"
TIRADOS,Lyre Bag (Charcoal Denim),Bags,8523492819252,390.00,"100% cotton 
fabric"
TIRADOS,Slashed Shorts (Beige),Pants,8523492720948,450.00,100% cotton  fabric
TIRADOS,Slashed Shorts (Brown),Pants,8523492589876,420.00,N/A
TIRADOS,Knotted Rag Dress (Beige),Shirts,8523492393268,250.00,"50% rayon, 40% nylon, 10% tencel"
TIRADOS,Knotted Rag Dress (Deadstock Rib Knit),Shirts,8523492294964,300.00,100% cotton  fabric
FRIZMWORKS,CIGARETTE POCKET TYPEWRITER SHIRT - MUD,Long Sleeve Shirts,15403443421561,135.00,100% cotton
FRIZMWORKS,CIGARETTE POCKET TYPEWRITER SHIRT - SKY BLUE,Long Sleeve Shirts,15403323326841,135.00,100% cotton
FRIZMWORKS,CIGARETTE POCKET TYPEWRITER SHIRT - BUTTER,Long Sleeve Shirts,15403323261305,135.00,100% cotton
FRIZMWORKS,KUROKI CHAMBRAY WORK SHIRT - WASHED BLUE,Long Sleeve Shirts,15403323097465,190.00,100% cotton
FRIZMWORKS,CURVED DENIM PANTS - INDIGO,Trousers,15403322802553,62.50,100% denim cotton
FRIZMWORKS,VINTAGE DYEING FZ SWEAT - SUNSET,Sweatshirts,15403321196921,92.50,N/A
FRIZMWORKS,ULTRA HEAVYWEIGHT COLLAR CARDIGAN - NAVY,Knitwear,15403320738169,220.00,N/A
FRIZMWORKS,ULTRA HEAVYWEIGHT COLLAR CARDIGAN - FOREST GREEN,Knitwear,15403320672633,220.00,N/A
FRIZMWORKS,UNEVEN CHECKED SHIRT - PINK,Long Sleeve Shirts,15403319624057,80.50,N/A
FRIZMWORKS,WOOL DECK ZIPUP CARDIGAN - BLACK,Knitwear,14903710712185,185.00,"60% 
 NYLON 32"
FRIZMWORKS,OG HEAVYWEIGHT SWEATSHIRT - TAUPE,Sweatshirts,8027822457040,100.00,N/A
FRIZMWORKS,HEAVY WOOL ROUND CARDIGAN - BRICK,Knitwear,8003363143888,185.00,60% wool / 32% nylon / 5% acrylic / 3% rayon
FRIZMWORKS,HEAVY WOOL ROUND CARDIGAN - NAVY,Knitwear,8003363111120,185.00,60% wool / 32% nylon / 5% acrylic / 3% rayon
FRIZMWORKS,OG HEAVYWEIGHT PULLOVER HOODY -BLACK,Hoodie,7965147070672,130.00,100% cotton on
FRIZMWORKS,HEAVY WOOL ROUND CARDIGAN - BLACK,Knitwear,7942993739984,175.00,60% wool / 32% nylon / 5% acrylic / 3% rayon
FRIZMWORKS,HERITAGE HUNTING JACKET - NAVY,Coats & Jackets,7942990561488,235.00,60% NYLON 40
FRIZMWORKS,OG HAWORTH ONE TUCK PANTS - BEIGE,Trousers,7891606208720,80.00,100% chino cotton
FRIZMWORKS,OG DOUBLE RIB OVERSIZED TEE - BLACK,T-Shirts,7891602505936,50.00,N/A
FRIZMWORKS,OG HEAVYWEIGHT HOODIE - NAVY,Sweatshirts,7826605703376,125.00,100% cotton yarn
FRIZMWORKS,HERITAGE HUNTING JACKET - BLACK,Jackets,7826063360208,235.00,60% NYLON 40
FRIZMWORKS,Wool Easy Pants - Forest Black,Trousers,15727334130041,165.00,53% WOOL 35
FRIZMWORKS,Army Pocket Cargo Pants - Olive,Trousers,15727334031737,175.00,100% COTTON
FRIZMWORKS,Rollneck Ringer Knit - Black,Knitwear,15727338520953,145.00,"60% 
 NYLON 32"
FRIZMWORKS,Gradation Boucle Knit - Sunset,Knitwear,15727338389881,180.00,N/A
FRIZMWORKS,National Air Mail Rugby Tee - Grey,Polo Shirts,15727331377529,90.00,N/A
FRIZMWORKS,National Air Mail Rugby Tee - Navy,Polo Shirts,15727331344761,90.00,N/A
FRIZMWORKS,Needle Stitch Pullover Hoody - Black Brown,Hoodies,15727331180921,160.00,65% Polyester 35
FRIZMWORKS,THIN STRIPE HALF TEE - RED BEAN,T-Shirt,14990667153785,27.00,100% Cotton
FRIZMWORKS,BLACK FLAG PIGMENT DYEING SWEATSHIRT - BRICK,Sweatshirt,14909468180857,52.50,100% cotton sweat
FRIZMWORKS,60/40 MOUNTAIN PARKA COAT - BLACK,Coats & Jackets,14909458284921,140.00,N/A
