BRAND,PRODUCT NAME,PRODUCT TYPE,ID,PRICE,FABRIC COMPOSITION,cotton,polyester,spandex,nylon,viscose/rayon,acrylic,leather,modal,wool,linen,polyamide,ramie,tencel/lyocell,merino wool,mohair,cashmere,combed cotton,silk,acetate,organic cotton,lambswool,pima cotton,polyurethane,polyethylene,premium_fiber_pct,cluster
HANNOVAE,Cloud Hoodie,,12210944180488,117.0,"50% cotton, 50% polyester",50.0,50.0,0.0,0.0,0.0,0.0,0.0,0.0,0.0,0.0,0.0,0.0,0.0,0.0,0.0,0.0,0.0,0.0,0.0,0.0,0.0,0.0,0.0,0.0,0.0,2
HANNOVAE,Crew 345 Sweatshirt,,12209817846024,89.0,"53% polyester, 42% cotton, 5% other",42.0,53.0,0.0,0.0,0.0,0.0,0.0,0.0,0.0,0.0,0.0,0.0,0.0,0.0,0.0,0.0,0.0,0.0,0.0,0.0,0.0,0.0,0.0,0.0,0.0,2
HANNOVAE,Arc Sweatpant,,12209390715144,89.0,"53% polyester, 42% cotton, 5% mixed",42.0,53.0,0.0,0.0,0.0,0.0,0.0,0.0,0.0,0.0,0.0,0.0,0.0,0.0,0.0,0.0,0.0,0.0,0.0,0.0,0.0,0.0,0.0,0.0,0.0,2
HANNOVAE,Hanfu trousers,,12209370628360,115.0,"80% cotton, 20% polyester",80.0,20.0,0.0,0.0,0.0,0.0,0.0,0.0,0.0,0.0,0.0,0.0,0.0,0.0,0.0,0.0,0.0,0.0,0.0,0.0,0.0,0.0,0.0,0.0,0.0,1
HANNOVAE,Arc trousers,,12209360371976,99.0,"56% polyester, 40% cotton, 4% spandex",40.0,56.0,4.0,0.0,0.0,0.0,0.0,0.0,0.0,0.0,0.0,0.0,0.0,0.0,0.0,0.0,0.0,0.0,0.0,0.0,0.0,0.0,0.0,0.0,0.0,2
HANNOVAE,Loopback Sweatshirt,,12209819648264,89.0,"88% cotton, 12% polyester",88.0,12.0,0.0,0.0,0.0,0.0,0.0,0.0,0.0,0.0,0.0,0.0,0.0,0.0,0.0,0.0,0.0,0.0,0.0,0.0,0.0,0.0,0.0,0.0,0.0,1
HANNOVAE,Stripe Performance Shorts,,12157266592008,49.0,"78% nylon, 22% spandex",0.0,0.0,22.0,78.0,0.0,0.0,0.0,0.0,0.0,0.0,0.0,0.0,0.0,0.0,0.0,0.0,0.0,0.0,0.0,0.0,0.0,0.0,0.0,0.0,0.0,0
HANNOVAE,Harrington Bomber Jacket,,12157270163720,119.0,"54% cotton, 36% polyester, 10% spandex",54.0,36.0,10.0,0.0,0.0,0.0,0.0,0.0,0.0,0.0,0.0,0.0,0.0,0.0,0.0,0.0,0.0,0.0,0.0,0.0,0.0,0.0,0.0,0.0,0.0,1
HANNOVAE,Air relaxed sweatpants,,12157268885768,69.0,63.2% blended fibres,0.0,0.0,0.0,0.0,0.0,0.0,0.0,0.0,0.0,0.0,0.0,0.0,0.0,0.0,0.0,0.0,0.0,0.0,0.0,0.0,0.0,0.0,0.0,0.0,0.0,0
HANNOVAE,Performance T-shirt,,12157259940104,49.0,"100% polyester 
 Care",0.0,100.0,0.0,0.0,0.0,0.0,0.0,0.0,0.0,0.0,0.0,0.0,0.0,0.0,0.0,0.0,0.0,0.0,0.0,0.0,0.0,0.0,0.0,0.0,0.0,2
HANNOVAE,Dune Gilet,,12157254500616,119.0,61.9% cotton,9.0,0.0,0.0,0.0,0.0,0.0,0.0,0.0,0.0,0.0,0.0,0.0,0.0,0.0,0.0,0.0,0.0,0.0,0.0,0.0,0.0,0.0,0.0,0.0,0.0,0
HANNOVAE,Dry Pro Jacket,,12157253517576,79.0,"100% polyester 
 Care",0.0,100.0,0.0,0.0,0.0,0.0,0.0,0.0,0.0,0.0,0.0,0.0,0.0,0.0,0.0,0.0,0.0,0.0,0.0,0.0,0.0,0.0,0.0,0.0,0.0,2
HANNOVAE,Raglan Pro Jacket,,12157250896136,85.0,"96% polyester, 4% spandex",0.0,96.0,4.0,0.0,0.0,0.0,0.0,0.0,0.0,0.0,0.0,0.0,0.0,0.0,0.0,0.0,0.0,0.0,0.0,0.0,0.0,0.0,0.0,0.0,0.0,2
HANNOVAE,Pima Tshirt,,12157242835208,49.0,"100% cotton 
 Care",100.0,0.0,0.0,0.0,0.0,0.0,0.0,0.0,0.0,0.0,0.0,0.0,0.0,0.0,0.0,0.0,0.0,0.0,0.0,0.0,0.0,0.0,0.0,0.0,0.0,1
HANNOVAE,Lume Pro T-Shirt,,12157237133576,49.0,"100% polyester 
 Care",0.0,100.0,0.0,0.0,0.0,0.0,0.0,0.0,0.0,0.0,0.0,0.0,0.0,0.0,0.0,0.0,0.0,0.0,0.0,0.0,0.0,0.0,0.0,0.0,0.0,2
SUNDAE SCHOOL,STRIPED BOXER SHORTS,Shorts,9390298202358,85.0,"69% Polyester, 29% Rayon, 2% Spandex",0.0,69.0,2.0,0.0,29.0,0.0,0.0,0.0,0.0,0.0,0.0,0.0,0.0,0.0,0.0,0.0,0.0,0.0,0.0,0.0,0.0,0.0,0.0,0.0,0.0,2
SUNDAE SCHOOL,BLACK TIE GORUM BABY TEE,T-Shirt,9390299578614,45.0,100% Cotton Body,100.0,0.0,0.0,0.0,0.0,0.0,0.0,0.0,0.0,0.0,0.0,0.0,0.0,0.0,0.0,0.0,0.0,0.0,0.0,0.0,0.0,0.0,0.0,0.0,0.0,1
SUNDAE SCHOOL,OLIVE BOJAGI TIE TOTE BAG,,9316101849334,110.0,100% Cotton Canvas,100.0,0.0,0.0,0.0,0.0,0.0,0.0,0.0,0.0,0.0,0.0,0.0,0.0,0.0,0.0,0.0,0.0,0.0,0.0,0.0,0.0,0.0,0.0,0.0,0.0,1
SUNDAE SCHOOL,IVORY DDUL BEANIE,Accessory,8299187175670,42.0,"100% Acrylic  
 H",0.0,0.0,0.0,0.0,0.0,100.0,0.0,0.0,0.0,0.0,0.0,0.0,0.0,0.0,0.0,0.0,0.0,0.0,0.0,0.0,0.0,0.0,0.0,0.0,0.0,0
SUNDAE SCHOOL,BLACK DDUL BEANIE,Accessory,8299189829878,42.0,"100% Acrylic  
 H",0.0,0.0,0.0,0.0,0.0,100.0,0.0,0.0,0.0,0.0,0.0,0.0,0.0,0.0,0.0,0.0,0.0,0.0,0.0,0.0,0.0,0.0,0.0,0.0,0.0,0
SUNDAE SCHOOL,BLACK AUDREY BOWLING BAG,Accessory,9409380548854,295.0,100% Real Leather,0.0,0.0,0.0,0.0,0.0,0.0,100.0,0.0,0.0,0.0,0.0,0.0,0.0,0.0,0.0,0.0,0.0,0.0,0.0,0.0,0.0,0.0,0.0,0.0,100.0,0
SUNDAE SCHOOL,NEW TOKER FLEECE,Outerwear,8170989814006,265.0,100% Polyester Jacquard,0.0,100.0,0.0,0.0,0.0,0.0,0.0,0.0,0.0,0.0,0.0,0.0,0.0,0.0,0.0,0.0,0.0,0.0,0.0,0.0,0.0,0.0,0.0,0.0,0.0,2
SUNDAE SCHOOL,BLACK MOMO REVERSIBLE FLEECE VEST,Outerwear,9412898521334,160.0,100% Polyester Fleece / 100% Nylon,0.0,0.0,0.0,100.0,0.0,0.0,0.0,0.0,0.0,0.0,0.0,0.0,0.0,0.0,0.0,0.0,0.0,0.0,0.0,0.0,0.0,0.0,0.0,0.0,0.0,0
SUNDAE SCHOOL,BABY PINK MOMO REVERSIBLE FLEECE VEST,Outerwear,9412900258038,160.0,100% Polyester Fleece / 100% Nylon,0.0,0.0,0.0,100.0,0.0,0.0,0.0,0.0,0.0,0.0,0.0,0.0,0.0,0.0,0.0,0.0,0.0,0.0,0.0,0.0,0.0,0.0,0.0,0.0,0.0,0
SUNDAE SCHOOL,CHARCOAL SUNBAE TIE SHIRT,Shirts & Tops,9409435140342,105.0,"100% Cotton  
 Hood",100.0,0.0,0.0,0.0,0.0,0.0,0.0,0.0,0.0,0.0,0.0,0.0,0.0,0.0,0.0,0.0,0.0,0.0,0.0,0.0,0.0,0.0,0.0,0.0,0.0,1
SUNDAE SCHOOL,GREY SUNBAE TIE SHIRT,Shirts & Tops,9409435468022,105.0,100% Cotton,100.0,0.0,0.0,0.0,0.0,0.0,0.0,0.0,0.0,0.0,0.0,0.0,0.0,0.0,0.0,0.0,0.0,0.0,0.0,0.0,0.0,0.0,0.0,0.0,0.0,1
SUNDAE SCHOOL,BLACK KONA MIDI SKIRT,Skirts,9409435795702,90.0,"38% Cotton, 58% Polyester, 4% Spandex",38.0,58.0,4.0,0.0,0.0,0.0,0.0,0.0,0.0,0.0,0.0,0.0,0.0,0.0,0.0,0.0,0.0,0.0,0.0,0.0,0.0,0.0,0.0,0.0,0.0,2
SUNDAE SCHOOL,BLACK ORIGAMI GORUM TEE,Shirts & Tops,9412928340214,69.0,"54% Cotton, 36% Modal, 10% Spandex",54.0,0.0,10.0,0.0,0.0,0.0,0.0,36.0,0.0,0.0,0.0,0.0,0.0,0.0,0.0,0.0,0.0,0.0,0.0,0.0,0.0,0.0,0.0,0.0,0.0,1
SUNDAE SCHOOL,IVORY ORIGAMI GORUM TEE,Shirts & Tops,9412929650934,69.0,"54% Cotton, 36% Modal, 10% Spandex",54.0,0.0,10.0,0.0,0.0,0.0,0.0,36.0,0.0,0.0,0.0,0.0,0.0,0.0,0.0,0.0,0.0,0.0,0.0,0.0,0.0,0.0,0.0,0.0,0.0,1
SUNDAE SCHOOL,CHARCOAL KONA MIDI SKIRT,Skirts,9409435861238,90.0,"38% Cotton, 58% Polyester, 4% Spandex",38.0,58.0,4.0,0.0,0.0,0.0,0.0,0.0,0.0,0.0,0.0,0.0,0.0,0.0,0.0,0.0,0.0,0.0,0.0,0.0,0.0,0.0,0.0,0.0,0.0,2
SUNDAE SCHOOL,CHARCOAL DOUBLE DUTY BLAZER,Outerwear,9447645774070,230.0,"50% Wool, 48% Polyester, 2% Spandex",0.0,48.0,2.0,0.0,0.0,0.0,0.0,0.0,50.0,0.0,0.0,0.0,0.0,0.0,0.0,0.0,0.0,0.0,0.0,0.0,0.0,0.0,0.0,0.0,0.0,2
SUNDAE SCHOOL,CHARCOAL PLEATED HANBOK SLACKS,Pants,9448627470582,190.0,"50% Wool, 48% Polyester, 2% Spandex",0.0,48.0,2.0,0.0,0.0,0.0,0.0,0.0,50.0,0.0,0.0,0.0,0.0,0.0,0.0,0.0,0.0,0.0,0.0,0.0,0.0,0.0,0.0,0.0,0.0,2
SUNDAE SCHOOL,IVORY BOJAGI TIE TOTE BAG,,9316101030134,110.0,100% Cotton Canvas,100.0,0.0,0.0,0.0,0.0,0.0,0.0,0.0,0.0,0.0,0.0,0.0,0.0,0.0,0.0,0.0,0.0,0.0,0.0,0.0,0.0,0.0,0.0,0.0,0.0,1
SUNDAE SCHOOL,MAEHWA EMBROIDERED SHEER SHIRT,Shirts & Tops,9402977878262,120.0,"100% Nylon 
 Open",0.0,0.0,0.0,100.0,0.0,0.0,0.0,0.0,0.0,0.0,0.0,0.0,0.0,0.0,0.0,0.0,0.0,0.0,0.0,0.0,0.0,0.0,0.0,0.0,0.0,0
SUNDAE SCHOOL,MAEHWA COLLARLESS SHIRT,Shirts & Tops,9402977517814,110.0,"80% Cotton, 20% Linen",80.0,0.0,0.0,0.0,0.0,0.0,0.0,0.0,0.0,20.0,0.0,0.0,0.0,0.0,0.0,0.0,0.0,0.0,0.0,0.0,0.0,0.0,0.0,0.0,0.0,1
SUNDAE SCHOOL,BLACK WASH HANBOK HOODIE,Hoodie,9105667784950,125.0,100% Cotton Sweat,100.0,0.0,0.0,0.0,0.0,0.0,0.0,0.0,0.0,0.0,0.0,0.0,0.0,0.0,0.0,0.0,0.0,0.0,0.0,0.0,0.0,0.0,0.0,0.0,0.0,1
SUNDAE SCHOOL,NAVY WASH HANBOK HOODIE,Hoodie,9366125805814,125.0,100% Cotton Sweat,100.0,0.0,0.0,0.0,0.0,0.0,0.0,0.0,0.0,0.0,0.0,0.0,0.0,0.0,0.0,0.0,0.0,0.0,0.0,0.0,0.0,0.0,0.0,0.0,0.0,1
SUNDAE SCHOOL,NAVY WASH FLOWER KNOT ZIP UP,Hoodie,9364700922102,145.0,100% Cotton Sweat,100.0,0.0,0.0,0.0,0.0,0.0,0.0,0.0,0.0,0.0,0.0,0.0,0.0,0.0,0.0,0.0,0.0,0.0,0.0,0.0,0.0,0.0,0.0,0.0,0.0,1
SUNDAE SCHOOL,BLACK WASH FLOWER KNOT ZIP UP,Hoodie,9364685193462,145.0,100% Cotton Sweat,100.0,0.0,0.0,0.0,0.0,0.0,0.0,0.0,0.0,0.0,0.0,0.0,0.0,0.0,0.0,0.0,0.0,0.0,0.0,0.0,0.0,0.0,0.0,0.0,0.0,1
SUNDAE SCHOOL,BLACK WASH WRAP SWEAT BAJI,Sweatpants,9364756267254,122.5,100% Cotton Sweat,100.0,0.0,0.0,0.0,0.0,0.0,0.0,0.0,0.0,0.0,0.0,0.0,0.0,0.0,0.0,0.0,0.0,0.0,0.0,0.0,0.0,0.0,0.0,0.0,0.0,1
SUNDAE SCHOOL,NAVY WASH WRAP SWEAT BAJI,Sweatpants,9364756889846,122.5,100% Cotton Sweat,100.0,0.0,0.0,0.0,0.0,0.0,0.0,0.0,0.0,0.0,0.0,0.0,0.0,0.0,0.0,0.0,0.0,0.0,0.0,0.0,0.0,0.0,0.0,0.0,0.0,1
SUNDAE SCHOOL,INDIGO WASH HANBOK HOODIE,Hoodie,8756042006774,125.0,"100% Cotton 
 Rib",100.0,0.0,0.0,0.0,0.0,0.0,0.0,0.0,0.0,0.0,0.0,0.0,0.0,0.0,0.0,0.0,0.0,0.0,0.0,0.0,0.0,0.0,0.0,0.0,0.0,1
SUNDAE SCHOOL,BLACK FLOWER NORIGAE LINEN TROUSERS,Pants,9365888893174,150.0,"80% Cotton, 20% Linen",80.0,0.0,0.0,0.0,0.0,0.0,0.0,0.0,0.0,20.0,0.0,0.0,0.0,0.0,0.0,0.0,0.0,0.0,0.0,0.0,0.0,0.0,0.0,0.0,0.0,1
SUNDAE SCHOOL,BLACK LINEN GORUM BLAZER,Blazer,9356919472374,170.0,"80% Cotton, 20% Linen",80.0,0.0,0.0,0.0,0.0,0.0,0.0,0.0,0.0,20.0,0.0,0.0,0.0,0.0,0.0,0.0,0.0,0.0,0.0,0.0,0.0,0.0,0.0,0.0,0.0,1
SUNDAE SCHOOL,IVORY FLOWER NORIGAE LINEN TROUSERS,Pants,9390196850934,150.0,"80% Cotton, 20% Linen",80.0,0.0,0.0,0.0,0.0,0.0,0.0,0.0,0.0,20.0,0.0,0.0,0.0,0.0,0.0,0.0,0.0,0.0,0.0,0.0,0.0,0.0,0.0,0.0,0.0,1
NUWA HANFU,Qingluan Baoping 青鸾宝瓶 Azure Phoenix Fantasy WeiJin Dynasty Daxiushan Long Sleeve Top & Poqun Skirt Full Set,,7797615657169,321.99,74.1% polyester,0.0,1.0,0.0,0.0,0.0,0.0,0.0,0.0,0.0,0.0,0.0,0.0,0.0,0.0,0.0,0.0,0.0,0.0,0.0,0.0,0.0,0.0,0.0,0.0,0.0,0
NUWA HANFU,Huoshi Yinhua 火树银花 Silver Fireworks Fantasy Tang Dynasty Qixiong Ruzun & Pibo Full Set,,7794574590161,99.45,"100% polyester 
 Qixiong",0.0,100.0,0.0,0.0,0.0,0.0,0.0,0.0,0.0,0.0,0.0,0.0,0.0,0.0,0.0,0.0,0.0,0.0,0.0,0.0,0.0,0.0,0.0,0.0,0.0,2
NUWA HANFU,Xinghua Yue 杏花约 Apricot Rendezvous Fantasy Song Dynasty Embroidered Beizi & Songku Pants Set,,7794500960465,59.45,"100% polyester 
 Body",0.0,100.0,0.0,0.0,0.0,0.0,0.0,0.0,0.0,0.0,0.0,0.0,0.0,0.0,0.0,0.0,0.0,0.0,0.0,0.0,0.0,0.0,0.0,0.0,0.0,2
NUWA HANFU,Flying Lotus 飞天莲华 Modernized Tang Dynasty Daxiushan Qixiong Ruqun Set,,7438474608849,294.99,"100% polyester 
   
 
 About",0.0,100.0,0.0,0.0,0.0,0.0,0.0,0.0,0.0,0.0,0.0,0.0,0.0,0.0,0.0,0.0,0.0,0.0,0.0,0.0,0.0,0.0,0.0,0.0,0.0,2
NUWA HANFU,Huanghun Meigui 黄昏玫瑰 Dawn Rose New Chinese Style Sleeveless Vintage Boat Neck Flared Dress,,7770636845265,99.45,75% viscose,0.0,0.0,0.0,0.0,75.0,0.0,0.0,0.0,0.0,0.0,0.0,0.0,0.0,0.0,0.0,0.0,0.0,0.0,0.0,0.0,0.0,0.0,0.0,0.0,0.0,0
NUWA HANFU,Luori Meigui 落日玫瑰 Sunset Rose New Chinese Style Sleeveless Vintage Boat Neck Flared Dress,,7770635632849,99.45,75% viscose,0.0,0.0,0.0,0.0,75.0,0.0,0.0,0.0,0.0,0.0,0.0,0.0,0.0,0.0,0.0,0.0,0.0,0.0,0.0,0.0,0.0,0.0,0.0,0.0,0.0,0
NUWA HANFU,Leyi Yongge 乐以咏歌 Joy in Singing Tang Dynasty Daily Yuanlingpao Round Collar Robes & Pants Set,,7613903110353,71.99,"100% polyester 
   
 About",0.0,100.0,0.0,0.0,0.0,0.0,0.0,0.0,0.0,0.0,0.0,0.0,0.0,0.0,0.0,0.0,0.0,0.0,0.0,0.0,0.0,0.0,0.0,0.0,0.0,2
NUWA HANFU,Tumi 荼靡 Bitter Herb New Chinese Style Summer Mermaid Floral Dress & Lace Cardigan Set,,7763735675089,99.25,"94% polyester, 6% spandex",0.0,94.0,6.0,0.0,0.0,0.0,0.0,0.0,0.0,0.0,0.0,0.0,0.0,0.0,0.0,0.0,0.0,0.0,0.0,0.0,0.0,0.0,0.0,0.0,0.0,2
NUWA HANFU,Xingyun Cao 幸运草 Lucky Clover Modernized Pastel Sleeveless Qipao,,7763733512401,99.85,75% viscose,0.0,0.0,0.0,0.0,75.0,0.0,0.0,0.0,0.0,0.0,0.0,0.0,0.0,0.0,0.0,0.0,0.0,0.0,0.0,0.0,0.0,0.0,0.0,0.0,0.0,0
NUWA HANFU,Hua Jiandao 花间道 Path Among the Flowers Modernized Sleeveless Striped Floral Qipao,,7763729842385,99.45,75% viscose,0.0,0.0,0.0,0.0,75.0,0.0,0.0,0.0,0.0,0.0,0.0,0.0,0.0,0.0,0.0,0.0,0.0,0.0,0.0,0.0,0.0,0.0,0.0,0.0,0.0,0
NUWA HANFU,Zao Chun 早春 Early Spring New Chinese Style Modernized Floral Ruched Qipao,,7763727778001,94.95,"94% polyester, 6% spandex",0.0,94.0,6.0,0.0,0.0,0.0,0.0,0.0,0.0,0.0,0.0,0.0,0.0,0.0,0.0,0.0,0.0,0.0,0.0,0.0,0.0,0.0,0.0,0.0,0.0,2
NUWA HANFU,Liuguang Jinyan 鎏光金宴 Gilded Banquet New Chinese Style Batwing Velvet Dress,,7763723452625,94.99,"80% viscose, 20% nylon",0.0,0.0,0.0,20.0,80.0,0.0,0.0,0.0,0.0,0.0,0.0,0.0,0.0,0.0,0.0,0.0,0.0,0.0,0.0,0.0,0.0,0.0,0.0,0.0,0.0,0
NUWA HANFU,Luoyan Qi 落燕栖 A Swallow's Perch Late Ming Dynasty Swallow Changshan Long Shirt & Summer Bijia Vest Set,,7755611013329,44.95,100% polyester,0.0,100.0,0.0,0.0,0.0,0.0,0.0,0.0,0.0,0.0,0.0,0.0,0.0,0.0,0.0,0.0,0.0,0.0,0.0,0.0,0.0,0.0,0.0,0.0,0.0,2
NUWA HANFU,Xian Chun 衔春 Holding Spring Ming Dynasty Sparrow Bijia Long Vest & Mamianqun Skirt Set,,7755608424657,74.95,100% polyester,0.0,100.0,0.0,0.0,0.0,0.0,0.0,0.0,0.0,0.0,0.0,0.0,0.0,0.0,0.0,0.0,0.0,0.0,0.0,0.0,0.0,0.0,0.0,0.0,0.0,2
NUWA HANFU,Qiu Wuyang 秋无恙 Autumn Remains Serene Late Ming Dynasty Sparrow Changshan Long Top & Summer Bijia Vest Set,,7755609800913,44.95,100% polyester,0.0,100.0,0.0,0.0,0.0,0.0,0.0,0.0,0.0,0.0,0.0,0.0,0.0,0.0,0.0,0.0,0.0,0.0,0.0,0.0,0.0,0.0,0.0,0.0,0.0,2
NUWA HANFU,Xin Qing 心晴 Clear Heart Modernized Ming Dynasty Cotton Tieli & Baidiequn Set,,7755607933137,79.85,100% cotton,100.0,0.0,0.0,0.0,0.0,0.0,0.0,0.0,0.0,0.0,0.0,0.0,0.0,0.0,0.0,0.0,0.0,0.0,0.0,0.0,0.0,0.0,0.0,0.0,0.0,1
NUWA HANFU,Nuan Nuan 暖暖 Cozy Modernized Ming Dynasty Floral Tieli & Baidiequn Set,,7755606917329,75.85,"74% rayon, 26% nylon",0.0,0.0,0.0,26.0,74.0,0.0,0.0,0.0,0.0,0.0,0.0,0.0,0.0,0.0,0.0,0.0,0.0,0.0,0.0,0.0,0.0,0.0,0.0,0.0,0.0,0
NUWA HANFU,Er Jing 二经 Second Sutra Song Dynasty Pear Blossom Hewei Apron Skirt,,7755605999825,64.95,100% polyester,0.0,100.0,0.0,0.0,0.0,0.0,0.0,0.0,0.0,0.0,0.0,0.0,0.0,0.0,0.0,0.0,0.0,0.0,0.0,0.0,0.0,0.0,0.0,0.0,0.0,2
NUWA HANFU,Nanling Tieguai 南陵铁拐 Southern Song Tomb Restoration Hedangku Trousers Set,,7755603083473,44.95,100% polyester,0.0,100.0,0.0,0.0,0.0,0.0,0.0,0.0,0.0,0.0,0.0,0.0,0.0,0.0,0.0,0.0,0.0,0.0,0.0,0.0,0.0,0.0,0.0,0.0,0.0,2
NUWA HANFU,Haoshi Huasheng 好柿花生 Persimmon & Peanut Southern Song Dynasty Haoxiu Raccoon Sleeve Jacket,,7755601772753,79.45,100% polyester satin,0.0,100.0,0.0,0.0,0.0,0.0,0.0,0.0,0.0,0.0,0.0,0.0,0.0,0.0,0.0,0.0,0.0,0.0,0.0,0.0,0.0,0.0,0.0,0.0,0.0,2
NUWA HANFU,Gui Jia 龟甲 Tortoise Shell Unisex Tang Dynasty Pure Cotton Lantern Pants,,7755600134353,44.95,"100% cotton 
   
 About",100.0,0.0,0.0,0.0,0.0,0.0,0.0,0.0,0.0,0.0,0.0,0.0,0.0,0.0,0.0,0.0,0.0,0.0,0.0,0.0,0.0,0.0,0.0,0.0,0.0,1
NUWA HANFU,Zhao Munian 朝暮年Twilight Years Modernized Ming Dynasty Bijia Vest & Mamian Skirt Set,,7742021959889,34.75,"100% cotton 
 Bijia",100.0,0.0,0.0,0.0,0.0,0.0,0.0,0.0,0.0,0.0,0.0,0.0,0.0,0.0,0.0,0.0,0.0,0.0,0.0,0.0,0.0,0.0,0.0,0.0,0.0,1
NUWA HANFU,Suan Mei 酸梅 Sour Plum Song Dynasty Duanshan Various Straight Sleeve Short Tops,,7741968449745,34.95,"80% viscose, 20% polyamide",0.0,0.0,0.0,0.0,80.0,0.0,0.0,0.0,0.0,0.0,20.0,0.0,0.0,0.0,0.0,0.0,0.0,0.0,0.0,0.0,0.0,0.0,0.0,0.0,0.0,0
NUWA HANFU,Yiban Yiban 一瓣一瓣 Petal by Petal Song Dynasty Improved Moxiong Various Patterned Tank Tops,,7741934403793,29.99,"95% polyester, 5% spandex",0.0,95.0,5.0,0.0,0.0,0.0,0.0,0.0,0.0,0.0,0.0,0.0,0.0,0.0,0.0,0.0,0.0,0.0,0.0,0.0,0.0,0.0,0.0,0.0,0.0,2
NUWA HANFU,Ciji 辞记 Farewell Note Hanfu Zhequn Various Pleated Skirts,,7741875388625,69.45,"100% polyester 
   
 About",0.0,100.0,0.0,0.0,0.0,0.0,0.0,0.0,0.0,0.0,0.0,0.0,0.0,0.0,0.0,0.0,0.0,0.0,0.0,0.0,0.0,0.0,0.0,0.0,0.0,2
NUWA HANFU,Xing Fu 幸福 Happiness Modernized Song Tang Haoxiu Raccoon Sleeve Top & Two Panel Skirt Set,,7741791600849,82.15,100% ramie plant,0.0,0.0,0.0,0.0,0.0,0.0,0.0,0.0,0.0,0.0,0.0,100.0,0.0,0.0,0.0,0.0,0.0,0.0,0.0,0.0,0.0,0.0,0.0,0.0,0.0,0
NUWA HANFU,Caihong Tang 彩虹糖 Skittles Modernized Weijin Song Ru Tops & Wide Leg Trousers Set,,7741749231825,54.95,"5% linen, 20% tencel, 20% nylon, 55% viscose",0.0,0.0,0.0,20.0,55.0,0.0,0.0,0.0,0.0,5.0,0.0,0.0,20.0,0.0,0.0,0.0,0.0,0.0,0.0,0.0,0.0,0.0,0.0,0.0,20.0,0
NUWA HANFU,Lü Baihe 绿百合 Green Lily New Chinese Style Pure Cotton Round Collar Embroidered Day Dress,,7741711089873,44.95,100% cotton,100.0,0.0,0.0,0.0,0.0,0.0,0.0,0.0,0.0,0.0,0.0,0.0,0.0,0.0,0.0,0.0,0.0,0.0,0.0,0.0,0.0,0.0,0.0,0.0,0.0,1
NUWA HANFU,Maomao 猫猫 Kitten Modernized Tang Dynasty Cat Print Yuanlingpao Round Collar Robe,,7741709615313,59.95,"65% cotton, 35% nylon",65.0,0.0,0.0,35.0,0.0,0.0,0.0,0.0,0.0,0.0,0.0,0.0,0.0,0.0,0.0,0.0,0.0,0.0,0.0,0.0,0.0,0.0,0.0,0.0,0.0,1
PH5,GEN 11 COMPRESSION JACKET,,9442004992214,255.0,92% RECYCLED NYLON 8% RECYCLED,0.0,0.0,0.0,0.0,0.0,0.0,0.0,0.0,0.0,0.0,0.0,0.0,0.0,0.0,0.0,0.0,0.0,0.0,0.0,0.0,0.0,0.0,0.0,0.0,0.0,0
PH5,GEN 11 COMPRESSION CROP TOP,,9441996898518,215.0,92% RECYCLED NYLON 8% RECYCLED,0.0,0.0,0.0,0.0,0.0,0.0,0.0,0.0,0.0,0.0,0.0,0.0,0.0,0.0,0.0,0.0,0.0,0.0,0.0,0.0,0.0,0.0,0.0,0.0,0.0,0
PH5,GEN 11 COMPRESSION CROP TOP,,9441994834134,215.0,92% RECYCLED NYLON 8% RECYCLED,0.0,0.0,0.0,0.0,0.0,0.0,0.0,0.0,0.0,0.0,0.0,0.0,0.0,0.0,0.0,0.0,0.0,0.0,0.0,0.0,0.0,0.0,0.0,0.0,0.0,0
PH5,GEN 11 COMPRESSION LEGGING,,9441988608214,185.0,92% RECYCLED NYLON 8% RECYCLED,0.0,0.0,0.0,0.0,0.0,0.0,0.0,0.0,0.0,0.0,0.0,0.0,0.0,0.0,0.0,0.0,0.0,0.0,0.0,0.0,0.0,0.0,0.0,0.0,0.0,0
PH5,GEN 11 COMPRESSION LEGGING,,9441984282838,185.0,92% RECYCLED NYLON 8% RECYCLED,0.0,0.0,0.0,0.0,0.0,0.0,0.0,0.0,0.0,0.0,0.0,0.0,0.0,0.0,0.0,0.0,0.0,0.0,0.0,0.0,0.0,0.0,0.0,0.0,0.0,0
PH5,GEN 11 COMPRESSION TENNIS SKORT,,9441978024150,175.0,92% RECYCLED NYLON 8% RECYCLED,0.0,0.0,0.0,0.0,0.0,0.0,0.0,0.0,0.0,0.0,0.0,0.0,0.0,0.0,0.0,0.0,0.0,0.0,0.0,0.0,0.0,0.0,0.0,0.0,0.0,0
PH5,GEN 11 COMPRESSION TENNIS SKORT,,9441973010646,175.0,92% RECYCLED NYLON 8% RECYCLED,0.0,0.0,0.0,0.0,0.0,0.0,0.0,0.0,0.0,0.0,0.0,0.0,0.0,0.0,0.0,0.0,0.0,0.0,0.0,0.0,0.0,0.0,0.0,0.0,0.0,0
PH5,GEN 11 ACTIVE TANK TOP,,9441968980182,115.0,92% RECYCLED NYLON 8% RECYCLED,0.0,0.0,0.0,0.0,0.0,0.0,0.0,0.0,0.0,0.0,0.0,0.0,0.0,0.0,0.0,0.0,0.0,0.0,0.0,0.0,0.0,0.0,0.0,0.0,0.0,0
PH5,GEN 11 ACTIVE TANK TOP,,9441966325974,115.0,92% RECYCLED NYLON 8% RECYCLED,0.0,0.0,0.0,0.0,0.0,0.0,0.0,0.0,0.0,0.0,0.0,0.0,0.0,0.0,0.0,0.0,0.0,0.0,0.0,0.0,0.0,0.0,0.0,0.0,0.0,0
PH5,GEN 11 COMPRESSION SPORTS BRA,,9441961509078,85.0,92% RECYCLED NYLON 8% RECYCLED,0.0,0.0,0.0,0.0,0.0,0.0,0.0,0.0,0.0,0.0,0.0,0.0,0.0,0.0,0.0,0.0,0.0,0.0,0.0,0.0,0.0,0.0,0.0,0.0,0.0,0
PH5,GEN 11 COMPRESSION SPORTS BRA,,9441958035670,85.0,92% RECYCLED NYLON 8% RECYCLED,0.0,0.0,0.0,0.0,0.0,0.0,0.0,0.0,0.0,0.0,0.0,0.0,0.0,0.0,0.0,0.0,0.0,0.0,0.0,0.0,0.0,0.0,0.0,0.0,0.0,0
PH5,VENUS MERINO WOOL V-NECK DRESS,,9441952366806,395.0,30% RWS MERINO,0.0,0.0,0.0,0.0,0.0,0.0,0.0,0.0,0.0,0.0,0.0,0.0,0.0,30.0,0.0,0.0,0.0,0.0,0.0,0.0,0.0,0.0,0.0,0.0,30.0,0
PH5,PORTIA MERINO WOOL PULLOVER,,9441945125078,295.0,30% RWS MERINO,0.0,0.0,0.0,0.0,0.0,0.0,0.0,0.0,0.0,0.0,0.0,0.0,0.0,30.0,0.0,0.0,0.0,0.0,0.0,0.0,0.0,0.0,0.0,0.0,30.0,0
PH5,PORTIA MERINO WOOL PULLOVER,,9441940701398,295.0,30% RWS MERINO,0.0,0.0,0.0,0.0,0.0,0.0,0.0,0.0,0.0,0.0,0.0,0.0,0.0,30.0,0.0,0.0,0.0,0.0,0.0,0.0,0.0,0.0,0.0,0.0,30.0,0
PH5,BIANCA MIXED MEDIA LONG DRESS,,9441907146966,445.0,83% RECYCLED VISCOSE 17% POLYESTER,0.0,17.0,0.0,0.0,0.0,0.0,0.0,0.0,0.0,0.0,0.0,0.0,0.0,0.0,0.0,0.0,0.0,0.0,0.0,0.0,0.0,0.0,0.0,0.0,0.0,0
PH5,BIANCA MIXED MEDIA LONG DRESS,,9441903509718,445.0,83% RECYCLED VISCOSE 17% POLYESTER,0.0,17.0,0.0,0.0,0.0,0.0,0.0,0.0,0.0,0.0,0.0,0.0,0.0,0.0,0.0,0.0,0.0,0.0,0.0,0.0,0.0,0.0,0.0,0.0,0.0,0
PH5,AYU MAXI SKIRT,,9441895547094,315.0,83% RECYCLED VISCOSE 17% POLYESTER,0.0,17.0,0.0,0.0,0.0,0.0,0.0,0.0,0.0,0.0,0.0,0.0,0.0,0.0,0.0,0.0,0.0,0.0,0.0,0.0,0.0,0.0,0.0,0.0,0.0,0
PH5,AYU MAXI SKIRT,,9441888043222,315.0,83% RECYCLED VISCOSE 17% POLYESTER,0.0,17.0,0.0,0.0,0.0,0.0,0.0,0.0,0.0,0.0,0.0,0.0,0.0,0.0,0.0,0.0,0.0,0.0,0.0,0.0,0.0,0.0,0.0,0.0,0.0,0
PH5,HANA DENIM PRINT OVERSIZED JACKET,,9441877590230,515.0,57.2% RECYCLED VISCOSE 16% POLYESTER,0.0,16.0,0.0,0.0,0.0,0.0,0.0,0.0,0.0,0.0,0.0,0.0,0.0,0.0,0.0,0.0,0.0,0.0,0.0,0.0,0.0,0.0,0.0,0.0,0.0,0
PH5,HANA DENIM PRINT OVERSIZED JACKET,,9441873658070,515.0,57.2% RECYCLED VISCOSE 16% POLYESTER,0.0,16.0,0.0,0.0,0.0,0.0,0.0,0.0,0.0,0.0,0.0,0.0,0.0,0.0,0.0,0.0,0.0,0.0,0.0,0.0,0.0,0.0,0.0,0.0,0.0,0
PH5,NEBULA MOHAIR REVERSIBLE SKIRT,,9441862877398,375.0,39.5% ECOVERO VISCOSE,0.0,0.0,0.0,0.0,5.0,0.0,0.0,0.0,0.0,0.0,0.0,0.0,0.0,0.0,0.0,0.0,0.0,0.0,0.0,0.0,0.0,0.0,0.0,0.0,0.0,0
PH5,NEBULA MOHAIR REVERSIBLE SKIRT,,9441859928278,375.0,39.5% ECOVERO VISCOSE,0.0,0.0,0.0,0.0,5.0,0.0,0.0,0.0,0.0,0.0,0.0,0.0,0.0,0.0,0.0,0.0,0.0,0.0,0.0,0.0,0.0,0.0,0.0,0.0,0.0,0
PH5,HALLEY MOHAIR REVERSIBLE JACKET,,9441853309142,465.0,39.5% ECOVERO VISCOSE,0.0,0.0,0.0,0.0,5.0,0.0,0.0,0.0,0.0,0.0,0.0,0.0,0.0,0.0,0.0,0.0,0.0,0.0,0.0,0.0,0.0,0.0,0.0,0.0,0.0,0
PH5,HALLEY MOHAIR REVERSIBLE JACKET,,9441846690006,465.0,39.5% ECOVERO VISCOSE,0.0,0.0,0.0,0.0,5.0,0.0,0.0,0.0,0.0,0.0,0.0,0.0,0.0,0.0,0.0,0.0,0.0,0.0,0.0,0.0,0.0,0.0,0.0,0.0,0.0,0
PH5,LILAH MOHAIR TANK TOP,,9441838661846,275.0,72% MOHAIR 26,0.0,0.0,0.0,0.0,0.0,0.0,0.0,0.0,0.0,0.0,0.0,0.0,0.0,0.0,72.0,0.0,0.0,0.0,0.0,0.0,0.0,0.0,0.0,0.0,72.0,0
PH5,LILAH MOHAIR TANK TOP,,9441835024598,275.0,72% MOHAIR 26,0.0,0.0,0.0,0.0,0.0,0.0,0.0,0.0,0.0,0.0,0.0,0.0,0.0,0.0,72.0,0.0,0.0,0.0,0.0,0.0,0.0,0.0,0.0,0.0,72.0,0
PH5,MESA POINTELLE CARDIGAN,,9441822769366,295.0,65.6% ECOVERO VISCOSE,0.0,0.0,0.0,0.0,6.0,0.0,0.0,0.0,0.0,0.0,0.0,0.0,0.0,0.0,0.0,0.0,0.0,0.0,0.0,0.0,0.0,0.0,0.0,0.0,0.0,0
PH5,LYRA POINTELLE V-NECK PULLOVER,,9441814905046,275.0,65.6% ECOVERO VISCOSE,0.0,0.0,0.0,0.0,6.0,0.0,0.0,0.0,0.0,0.0,0.0,0.0,0.0,0.0,0.0,0.0,0.0,0.0,0.0,0.0,0.0,0.0,0.0,0.0,0.0,0
PH5,YURI ECOVERO TURTLENECK TOP,,9441805172950,255.0,65.6% ECOVERO VISCOSE,0.0,0.0,0.0,0.0,6.0,0.0,0.0,0.0,0.0,0.0,0.0,0.0,0.0,0.0,0.0,0.0,0.0,0.0,0.0,0.0,0.0,0.0,0.0,0.0,0.0,0
PH5,YURI ECOVERO TURTLENECK TOP,,9441797767382,255.0,65.6% ECOVERO VISCOSE,0.0,0.0,0.0,0.0,6.0,0.0,0.0,0.0,0.0,0.0,0.0,0.0,0.0,0.0,0.0,0.0,0.0,0.0,0.0,0.0,0.0,0.0,0.0,0.0,0.0,0
PETITE STUDIO,Emani Corduroy Barrel Pants - Brown,bottoms,7411901333584,175.0,"100% Cotton 
 
 Machine",100.0,0.0,0.0,0.0,0.0,0.0,0.0,0.0,0.0,0.0,0.0,0.0,0.0,0.0,0.0,0.0,0.0,0.0,0.0,0.0,0.0,0.0,0.0,0.0,0.0,1
PETITE STUDIO,Adriana Wool Skirt - Grey Striped,bottoms,7411899531344,160.0,"51% Wool, 49% Polyester",0.0,49.0,0.0,0.0,0.0,0.0,0.0,0.0,51.0,0.0,0.0,0.0,0.0,0.0,0.0,0.0,0.0,0.0,0.0,0.0,0.0,0.0,0.0,0.0,0.0,2
PETITE STUDIO,Adriana Corduroy Skirt - Brown,bottoms,7411886424144,160.0,"100% Cotton 
 
 Machine",100.0,0.0,0.0,0.0,0.0,0.0,0.0,0.0,0.0,0.0,0.0,0.0,0.0,0.0,0.0,0.0,0.0,0.0,0.0,0.0,0.0,0.0,0.0,0.0,0.0,1
PETITE STUDIO,Hannah Cashmere Cotton Blend Cardigan - Sky,tops,7411863683152,165.0,"95% Cotton, 5% Cashmere",95.0,0.0,0.0,0.0,0.0,0.0,0.0,0.0,0.0,0.0,0.0,0.0,0.0,0.0,0.0,5.0,0.0,0.0,0.0,0.0,0.0,0.0,0.0,0.0,5.0,1
PETITE STUDIO,Hannah Cashmere Cotton Blend Cardigan - Ivory,tops,7411858538576,165.0,"95% Cotton, 5% Cashmere",95.0,0.0,0.0,0.0,0.0,0.0,0.0,0.0,0.0,0.0,0.0,0.0,0.0,0.0,0.0,5.0,0.0,0.0,0.0,0.0,0.0,0.0,0.0,0.0,5.0,1
PETITE STUDIO,Murphy Brushed Merino Wool Cardigan – Olive Green,tops,7411834060880,185.0,100% Brushed Merino,0.0,0.0,0.0,0.0,0.0,0.0,0.0,0.0,0.0,0.0,0.0,0.0,0.0,100.0,0.0,0.0,0.0,0.0,0.0,0.0,0.0,0.0,0.0,0.0,100.0,0
PETITE STUDIO,Murphy Brushed Merino Wool Cardigan – Ice Blue,tops,7411827572816,185.0,100% Brushed Merino,0.0,0.0,0.0,0.0,0.0,0.0,0.0,0.0,0.0,0.0,0.0,0.0,0.0,100.0,0.0,0.0,0.0,0.0,0.0,0.0,0.0,0.0,0.0,0.0,100.0,0
PETITE STUDIO,Benj Embroidered Denim Blouse – Blue,tops,7411827114064,145.0,"100% Cotton 
 Machine",100.0,0.0,0.0,0.0,0.0,0.0,0.0,0.0,0.0,0.0,0.0,0.0,0.0,0.0,0.0,0.0,0.0,0.0,0.0,0.0,0.0,0.0,0.0,0.0,0.0,1
PETITE STUDIO,Basti Reversible Merino Wool Cardigan – Cream,tops,7411825115216,145.0,"100% Wool 
 Dry",0.0,0.0,0.0,0.0,0.0,0.0,0.0,0.0,100.0,0.0,0.0,0.0,0.0,0.0,0.0,0.0,0.0,0.0,0.0,0.0,0.0,0.0,0.0,0.0,0.0,0
PETITE STUDIO,Basti Reversible Merino Wool Cardigan – Burgundy,tops,7411820593232,145.0,"100% Wool 
 Dry",0.0,0.0,0.0,0.0,0.0,0.0,0.0,0.0,100.0,0.0,0.0,0.0,0.0,0.0,0.0,0.0,0.0,0.0,0.0,0.0,0.0,0.0,0.0,0.0,0.0,0
PETITE STUDIO,Calen Embroidered Ruffled Cotton Blouse - Ivory,tops,7411820101712,140.0,"100% Cotton 
 Hand",100.0,0.0,0.0,0.0,0.0,0.0,0.0,0.0,0.0,0.0,0.0,0.0,0.0,0.0,0.0,0.0,0.0,0.0,0.0,0.0,0.0,0.0,0.0,0.0,0.0,1
PETITE STUDIO,Julian Appliqué Cotton Blouse - Ivory,tops,7411819380816,135.0,"100% Cotton 
 Hand",100.0,0.0,0.0,0.0,0.0,0.0,0.0,0.0,0.0,0.0,0.0,0.0,0.0,0.0,0.0,0.0,0.0,0.0,0.0,0.0,0.0,0.0,0.0,0.0,0.0,1
PETITE STUDIO,Finn Cotton Scarf Shirt - Brown Plaid,tops,7411819085904,125.0,"100% Cotton 
 Hand",100.0,0.0,0.0,0.0,0.0,0.0,0.0,0.0,0.0,0.0,0.0,0.0,0.0,0.0,0.0,0.0,0.0,0.0,0.0,0.0,0.0,0.0,0.0,0.0,0.0,1
PETITE STUDIO,Finn Cotton Scarf Shirt - Moss Green,tops,7411818561616,125.0,"100% Cotton 
 Hand",100.0,0.0,0.0,0.0,0.0,0.0,0.0,0.0,0.0,0.0,0.0,0.0,0.0,0.0,0.0,0.0,0.0,0.0,0.0,0.0,0.0,0.0,0.0,0.0,0.0,1
PETITE STUDIO,Alexie Cotton Robe Shirt - Khaki Striped,tops,7411813548112,135.0,"100% Cotton 
 Machine",100.0,0.0,0.0,0.0,0.0,0.0,0.0,0.0,0.0,0.0,0.0,0.0,0.0,0.0,0.0,0.0,0.0,0.0,0.0,0.0,0.0,0.0,0.0,0.0,0.0,1
PETITE STUDIO,Paisley Mohair Sweater - Melon,tops,7411800703056,185.0,33% Super Kid,0.0,0.0,0.0,0.0,0.0,0.0,0.0,0.0,0.0,0.0,0.0,0.0,0.0,0.0,0.0,0.0,0.0,0.0,0.0,0.0,0.0,0.0,0.0,0.0,0.0,0
AKASHI KAMA,LOUPN Maedeup Bandana - Korean Silk,,9459194888380,69.0,100% premium Korean,0.0,0.0,0.0,0.0,0.0,0.0,0.0,0.0,0.0,0.0,0.0,0.0,0.0,0.0,0.0,0.0,0.0,0.0,0.0,0.0,0.0,0.0,0.0,0.0,0.0,0
AKASHI KAMA,Crest Stamped Tee,,9471539052732,49.0,100% combed cotton,0.0,0.0,0.0,0.0,0.0,0.0,0.0,0.0,0.0,0.0,0.0,0.0,0.0,0.0,0.0,0.0,100.0,0.0,0.0,0.0,0.0,0.0,0.0,0.0,100.0,0
AKASHI KAMA,Metallic Track Tee,,9471538626748,59.0,100% combed cotton,0.0,0.0,0.0,0.0,0.0,0.0,0.0,0.0,0.0,0.0,0.0,0.0,0.0,0.0,0.0,0.0,100.0,0.0,0.0,0.0,0.0,0.0,0.0,0.0,100.0,0
AKASHI KAMA,Reflective Track Tee,,9471537709244,59.0,100% combed cotton,0.0,0.0,0.0,0.0,0.0,0.0,0.0,0.0,0.0,0.0,0.0,0.0,0.0,0.0,0.0,0.0,100.0,0.0,0.0,0.0,0.0,0.0,0.0,0.0,100.0,0
AKASHI KAMA,Metallic Stamped Tee,,9471528042684,59.0,100% combed cotton,0.0,0.0,0.0,0.0,0.0,0.0,0.0,0.0,0.0,0.0,0.0,0.0,0.0,0.0,0.0,0.0,100.0,0.0,0.0,0.0,0.0,0.0,0.0,0.0,100.0,0
AKASHI KAMA,Stamped Logo Tee,,9360177004732,49.0,100% combed cotton,0.0,0.0,0.0,0.0,0.0,0.0,0.0,0.0,0.0,0.0,0.0,0.0,0.0,0.0,0.0,0.0,100.0,0.0,0.0,0.0,0.0,0.0,0.0,0.0,100.0,0
AKASHI KAMA,Crest Crewneck - Chocolate,,9283075768508,110.0,100% cotton with,100.0,0.0,0.0,0.0,0.0,0.0,0.0,0.0,0.0,0.0,0.0,0.0,0.0,0.0,0.0,0.0,0.0,0.0,0.0,0.0,0.0,0.0,0.0,0.0,0.0,1
AKASHI KAMA,Pleated Shorts - Hana Jacquard,,9149473980604,125.0,100% Cotton makes,100.0,0.0,0.0,0.0,0.0,0.0,0.0,0.0,0.0,0.0,0.0,0.0,0.0,0.0,0.0,0.0,0.0,0.0,0.0,0.0,0.0,0.0,0.0,0.0,0.0,1
AKASHI KAMA,Pleated Shorts - Ume Jacquard,,9149471654076,125.0,100% Cotton makes,100.0,0.0,0.0,0.0,0.0,0.0,0.0,0.0,0.0,0.0,0.0,0.0,0.0,0.0,0.0,0.0,0.0,0.0,0.0,0.0,0.0,0.0,0.0,0.0,0.0,1
AKASHI KAMA,Noragi Jacket - Black Arrow,,9058943533244,159.0,100%  Japanese cotton,100.0,0.0,0.0,0.0,0.0,0.0,0.0,0.0,0.0,0.0,0.0,0.0,0.0,0.0,0.0,0.0,0.0,0.0,0.0,0.0,0.0,0.0,0.0,0.0,0.0,1
KIRIKO MADE,"Musubi, Fuwa-Fuwa Towel, Kata Kata, Owl Fluffy Towel, Green 10"" x 10""",Home-Furoshiki,9302900474018,24.0,"100% Cotton  
 Product",100.0,0.0,0.0,0.0,0.0,0.0,0.0,0.0,0.0,0.0,0.0,0.0,0.0,0.0,0.0,0.0,0.0,0.0,0.0,0.0,0.0,0.0,0.0,0.0,0.0,1
KIRIKO MADE,"Sashiko Thread, 100m, Variegated Dark Brown",Home-Sewing/Crafts,9305609765026,11.95,100% cotton,100.0,0.0,0.0,0.0,0.0,0.0,0.0,0.0,0.0,0.0,0.0,0.0,0.0,0.0,0.0,0.0,0.0,0.0,0.0,0.0,0.0,0.0,0.0,0.0,0.0,1
KIRIKO MADE,"Sashiko Thread, 100m, Dark Teal",Home-Sewing/Crafts,9305608061090,8.95,100% cotton,100.0,0.0,0.0,0.0,0.0,0.0,0.0,0.0,0.0,0.0,0.0,0.0,0.0,0.0,0.0,0.0,0.0,0.0,0.0,0.0,0.0,0.0,0.0,0.0,0.0,1
KIRIKO MADE,"Sashiko Thread, 100m, Cobalt Blue",Home-Sewing/Crafts,9305606848674,8.95,100% cotton,100.0,0.0,0.0,0.0,0.0,0.0,0.0,0.0,0.0,0.0,0.0,0.0,0.0,0.0,0.0,0.0,0.0,0.0,0.0,0.0,0.0,0.0,0.0,0.0,0.0,1
KIRIKO MADE,"Sashiko Thread, 100m, Navy Blue",Home-Sewing/Crafts,9305606095010,8.95,100% cotton,100.0,0.0,0.0,0.0,0.0,0.0,0.0,0.0,0.0,0.0,0.0,0.0,0.0,0.0,0.0,0.0,0.0,0.0,0.0,0.0,0.0,0.0,0.0,0.0,0.0,1
KIRIKO MADE,"Sashiko Thread, 100m, White",Home-Sewing/Crafts,9305604423842,8.95,100% cotton,100.0,0.0,0.0,0.0,0.0,0.0,0.0,0.0,0.0,0.0,0.0,0.0,0.0,0.0,0.0,0.0,0.0,0.0,0.0,0.0,0.0,0.0,0.0,0.0,0.0,1
KIRIKO MADE,"Sashiko Thread, 100m, Holly Green",Home-Sewing/Crafts,9305603047586,8.95,100% cotton,100.0,0.0,0.0,0.0,0.0,0.0,0.0,0.0,0.0,0.0,0.0,0.0,0.0,0.0,0.0,0.0,0.0,0.0,0.0,0.0,0.0,0.0,0.0,0.0,0.0,1
KIRIKO MADE,"Sashiko Thread, 100m, Violet",Home-Sewing/Crafts,9305602097314,8.95,100% cotton,100.0,0.0,0.0,0.0,0.0,0.0,0.0,0.0,0.0,0.0,0.0,0.0,0.0,0.0,0.0,0.0,0.0,0.0,0.0,0.0,0.0,0.0,0.0,0.0,0.0,1
KIRIKO MADE,"Sashiko Thread, 100m, Off White",Home-Sewing/Crafts,9305600884898,8.95,100% cotton,100.0,0.0,0.0,0.0,0.0,0.0,0.0,0.0,0.0,0.0,0.0,0.0,0.0,0.0,0.0,0.0,0.0,0.0,0.0,0.0,0.0,0.0,0.0,0.0,0.0,1
KIRIKO MADE,"Sashiko Thread, 100m, Gold",Home-Sewing/Crafts,9305599770786,8.95,100% cotton,100.0,0.0,0.0,0.0,0.0,0.0,0.0,0.0,0.0,0.0,0.0,0.0,0.0,0.0,0.0,0.0,0.0,0.0,0.0,0.0,0.0,0.0,0.0,0.0,0.0,1
KIRIKO MADE,"Sashiko Thread, 100m, Amber Red",Home-Sewing/Crafts,9305598722210,8.95,100% cotton,100.0,0.0,0.0,0.0,0.0,0.0,0.0,0.0,0.0,0.0,0.0,0.0,0.0,0.0,0.0,0.0,0.0,0.0,0.0,0.0,0.0,0.0,0.0,0.0,0.0,1
KIRIKO MADE,"Sashiko Thread, 100m, Brown",Home-Sewing/Crafts,9305585156258,8.95,100% cotton,100.0,0.0,0.0,0.0,0.0,0.0,0.0,0.0,0.0,0.0,0.0,0.0,0.0,0.0,0.0,0.0,0.0,0.0,0.0,0.0,0.0,0.0,0.0,0.0,0.0,1
KIRIKO MADE,"Sashiko Thread, 100m, Rose Red",Home-Sewing/Crafts,9305584238754,8.95,100% cotton,100.0,0.0,0.0,0.0,0.0,0.0,0.0,0.0,0.0,0.0,0.0,0.0,0.0,0.0,0.0,0.0,0.0,0.0,0.0,0.0,0.0,0.0,0.0,0.0,0.0,1
KIRIKO MADE,"Kiriko Original Scarf, Double Split, Red, White and Indigo, Jyuji",Accessory-Scarves,4512956973146,76.0,"100% Cotton 
 Size",100.0,0.0,0.0,0.0,0.0,0.0,0.0,0.0,0.0,0.0,0.0,0.0,0.0,0.0,0.0,0.0,0.0,0.0,0.0,0.0,0.0,0.0,0.0,0.0,0.0,1
NI DE MAMA,Stinky Tofu Large Tote,Large Tote,9460424245491,34.0,100% certified organic,0.0,0.0,0.0,0.0,0.0,0.0,0.0,0.0,0.0,0.0,0.0,0.0,0.0,0.0,0.0,0.0,0.0,0.0,0.0,0.0,0.0,0.0,0.0,0.0,0.0,0
NI DE MAMA,Stinky Tofu Tote Bag,Tote,9460424147187,29.0,100% certified organic,0.0,0.0,0.0,0.0,0.0,0.0,0.0,0.0,0.0,0.0,0.0,0.0,0.0,0.0,0.0,0.0,0.0,0.0,0.0,0.0,0.0,0.0,0.0,0.0,0.0,0
NI DE MAMA,Stinky Tofu Embroidered Bucket Hat,Bucket Hat,9460424114419,30.0,100% cotton twill,100.0,0.0,0.0,0.0,0.0,0.0,0.0,0.0,0.0,0.0,0.0,0.0,0.0,0.0,0.0,0.0,0.0,0.0,0.0,0.0,0.0,0.0,0.0,0.0,0.0,1
NI DE MAMA,Stinky Tofu Embroidered Beanie,Beanie,9460424081651,29.0,100% turbo acryllic,0.0,0.0,0.0,0.0,0.0,100.0,0.0,0.0,0.0,0.0,0.0,0.0,0.0,0.0,0.0,0.0,0.0,0.0,0.0,0.0,0.0,0.0,0.0,0.0,0.0,0
NI DE MAMA,Stinky Tofu Embroidered Crop T-Shirt,Crop T-Shirt,9460424048883,31.0,100% combed cotton,0.0,0.0,0.0,0.0,0.0,0.0,0.0,0.0,0.0,0.0,0.0,0.0,0.0,0.0,0.0,0.0,100.0,0.0,0.0,0.0,0.0,0.0,0.0,0.0,100.0,0
NI DE MAMA,Stinky Tofu Embroidered Crop Hoodie,Crop Hoodie,9460424016115,49.0,52% airlume combed,0.0,0.0,0.0,0.0,0.0,0.0,0.0,0.0,0.0,0.0,0.0,0.0,0.0,0.0,0.0,0.0,52.0,0.0,0.0,0.0,0.0,0.0,0.0,0.0,52.0,0
NI DE MAMA,Stinky Tofu Embroidered T-Shirt,Tee,9460423950579,28.0,100% combed and,0.0,0.0,0.0,0.0,0.0,0.0,0.0,0.0,0.0,0.0,0.0,0.0,0.0,0.0,0.0,0.0,100.0,0.0,0.0,0.0,0.0,0.0,0.0,0.0,100.0,0
NI DE MAMA,Stinky Tofu Embroidered Hoodie,Hoodie,9460423917811,43.0,50% pre,0.0,0.0,0.0,0.0,0.0,0.0,0.0,0.0,0.0,0.0,0.0,0.0,0.0,0.0,0.0,0.0,0.0,0.0,0.0,0.0,0.0,0.0,0.0,0.0,0.0,0
NI DE MAMA,Stinky Tofu Embroidered Cap,Cap,9460423885043,30.0,100% chino cotton,100.0,0.0,0.0,0.0,0.0,0.0,0.0,0.0,0.0,0.0,0.0,0.0,0.0,0.0,0.0,0.0,0.0,0.0,0.0,0.0,0.0,0.0,0.0,0.0,0.0,1
NI DE MAMA,Stinky Tofu Embroidered Sweatshirt,Sweatshirt,9460423852275,41.0,50% pre,0.0,0.0,0.0,0.0,0.0,0.0,0.0,0.0,0.0,0.0,0.0,0.0,0.0,0.0,0.0,0.0,0.0,0.0,0.0,0.0,0.0,0.0,0.0,0.0,0.0,0
NI DE MAMA,Cilantro Tote Bag,Tote,9460423688435,29.0,100% certified organic,0.0,0.0,0.0,0.0,0.0,0.0,0.0,0.0,0.0,0.0,0.0,0.0,0.0,0.0,0.0,0.0,0.0,0.0,0.0,0.0,0.0,0.0,0.0,0.0,0.0,0
NI DE MAMA,Cilantro Large Tote,Large Tote,9460423655667,34.0,100% certified organic,0.0,0.0,0.0,0.0,0.0,0.0,0.0,0.0,0.0,0.0,0.0,0.0,0.0,0.0,0.0,0.0,0.0,0.0,0.0,0.0,0.0,0.0,0.0,0.0,0.0,0
NI DE MAMA,Cilantro Embroidered Bucket Hat,Bucket Hat,9460423590131,30.0,100% cotton twill,100.0,0.0,0.0,0.0,0.0,0.0,0.0,0.0,0.0,0.0,0.0,0.0,0.0,0.0,0.0,0.0,0.0,0.0,0.0,0.0,0.0,0.0,0.0,0.0,0.0,1
NI DE MAMA,Cilantro Embroidered Beanie,Beanie,9460423295219,29.0,100% turbo acryllic,0.0,0.0,0.0,0.0,0.0,100.0,0.0,0.0,0.0,0.0,0.0,0.0,0.0,0.0,0.0,0.0,0.0,0.0,0.0,0.0,0.0,0.0,0.0,0.0,0.0,0
NI DE MAMA,Cilantro Embroidered Crop T-Shirt,Crop T-Shirt,9460423196915,31.0,100% combed cotton,0.0,0.0,0.0,0.0,0.0,0.0,0.0,0.0,0.0,0.0,0.0,0.0,0.0,0.0,0.0,0.0,100.0,0.0,0.0,0.0,0.0,0.0,0.0,0.0,100.0,0
NI DE MAMA,Cilantro Embroidered Crop Hoodie,Crop Hoodie,9460423164147,49.0,52% airlume combed,0.0,0.0,0.0,0.0,0.0,0.0,0.0,0.0,0.0,0.0,0.0,0.0,0.0,0.0,0.0,0.0,52.0,0.0,0.0,0.0,0.0,0.0,0.0,0.0,52.0,0
NI DE MAMA,Cilantro Embroidered T-Shirt,Tee,9460423131379,28.0,100% combed and,0.0,0.0,0.0,0.0,0.0,0.0,0.0,0.0,0.0,0.0,0.0,0.0,0.0,0.0,0.0,0.0,100.0,0.0,0.0,0.0,0.0,0.0,0.0,0.0,100.0,0
NI DE MAMA,Cilantro Embroidered Hoodie,Hoodie,9460410777843,43.0,50% pre,0.0,0.0,0.0,0.0,0.0,0.0,0.0,0.0,0.0,0.0,0.0,0.0,0.0,0.0,0.0,0.0,0.0,0.0,0.0,0.0,0.0,0.0,0.0,0.0,0.0,0
NI DE MAMA,Cilantro Embroidered Cap,Cap,9460410745075,30.0,100% chino cotton,100.0,0.0,0.0,0.0,0.0,0.0,0.0,0.0,0.0,0.0,0.0,0.0,0.0,0.0,0.0,0.0,0.0,0.0,0.0,0.0,0.0,0.0,0.0,0.0,0.0,1
NI DE MAMA,Cilantro Embroidered Sweatshirt,Sweatshirt,9460410712307,41.0,50% pre,0.0,0.0,0.0,0.0,0.0,0.0,0.0,0.0,0.0,0.0,0.0,0.0,0.0,0.0,0.0,0.0,0.0,0.0,0.0,0.0,0.0,0.0,0.0,0.0,0.0,0
NI DE MAMA,Bitter Melon Embroidered Bucket Hat,Bucket Hat,9460410679539,30.0,100% cotton twill,100.0,0.0,0.0,0.0,0.0,0.0,0.0,0.0,0.0,0.0,0.0,0.0,0.0,0.0,0.0,0.0,0.0,0.0,0.0,0.0,0.0,0.0,0.0,0.0,0.0,1
NI DE MAMA,Bitter Melon Embroidered Beanie,Beanie,9460410646771,29.0,100% turbo acryllic,0.0,0.0,0.0,0.0,0.0,100.0,0.0,0.0,0.0,0.0,0.0,0.0,0.0,0.0,0.0,0.0,0.0,0.0,0.0,0.0,0.0,0.0,0.0,0.0,0.0,0
NI DE MAMA,Bitter Melon Large Tote,Large Tote,9460410548467,34.0,100% certified organic,0.0,0.0,0.0,0.0,0.0,0.0,0.0,0.0,0.0,0.0,0.0,0.0,0.0,0.0,0.0,0.0,0.0,0.0,0.0,0.0,0.0,0.0,0.0,0.0,0.0,0
ANNA SUI,Victorian Pointelle Knitwear Camisole - Black,Resort 2026- Delivery 3,10746859716911,147.0,100% cotton,100.0,0.0,0.0,0.0,0.0,0.0,0.0,0.0,0.0,0.0,0.0,0.0,0.0,0.0,0.0,0.0,0.0,0.0,0.0,0.0,0.0,0.0,0.0,0.0,0.0,1
ANNA SUI,Victorian Pointelle Knitwear Cardigan - Black,Resort 2026- Delivery 3,10746863255855,155.0,100% cotton,100.0,0.0,0.0,0.0,0.0,0.0,0.0,0.0,0.0,0.0,0.0,0.0,0.0,0.0,0.0,0.0,0.0,0.0,0.0,0.0,0.0,0.0,0.0,0.0,0.0,1
ANNA SUI,Olivia Rodrigo's Daisy Chain Fields x Anna Sui T-Shirt,Daisy Chain Charity T-shirt,16131790242095,50.0,100% of net,0.0,0.0,0.0,0.0,0.0,0.0,0.0,0.0,0.0,0.0,0.0,0.0,0.0,0.0,0.0,0.0,0.0,0.0,0.0,0.0,0.0,0.0,0.0,0.0,0.0,0
ANNA SUI,Arcadia Blossom Babydoll Dress,Fall 2026- Delivery 3,16131855614255,519.0,"74% Cotton, 26% Silk",74.0,0.0,0.0,0.0,0.0,0.0,0.0,0.0,0.0,0.0,0.0,0.0,0.0,0.0,0.0,0.0,0.0,26.0,0.0,0.0,0.0,0.0,0.0,0.0,26.0,1
ANNA SUI,Rosebuds Babydoll Dress,Fall 2026- Delivery 3,16131897262383,519.0,"100% Polyester  
 
 Hydrocarbon",0.0,100.0,0.0,0.0,0.0,0.0,0.0,0.0,0.0,0.0,0.0,0.0,0.0,0.0,0.0,0.0,0.0,0.0,0.0,0.0,0.0,0.0,0.0,0.0,0.0,2
ANNA SUI,Crushed Velvet Skirt,Fall 2026- Delivery 2,15259073675567,580.0,"63% Acetate, 37% Cupro",0.0,0.0,0.0,0.0,37.0,0.0,0.0,0.0,0.0,0.0,0.0,0.0,0.0,0.0,0.0,0.0,0.0,0.0,63.0,0.0,0.0,0.0,0.0,0.0,0.0,0
ANNA SUI,Crushed Velvet Beaded Corset Top,Fall 2026- Delivery 2,15258538934575,1350.0,"63% Acetate, 37% Cupro",0.0,0.0,0.0,0.0,37.0,0.0,0.0,0.0,0.0,0.0,0.0,0.0,0.0,0.0,0.0,0.0,0.0,0.0,63.0,0.0,0.0,0.0,0.0,0.0,0.0,0
ANNA SUI,Lynx Faux Fur Hobo Bag,Fall 2026- Bag,15254211100975,350.0,"100% Polyester 
 Hydrocarbon",0.0,100.0,0.0,0.0,0.0,0.0,0.0,0.0,0.0,0.0,0.0,0.0,0.0,0.0,0.0,0.0,0.0,0.0,0.0,0.0,0.0,0.0,0.0,0.0,0.0,2
ANNA SUI,Faux Fur Hobo Bag,Fall 2026- Bag,15299653828911,370.0,"100% Polyester 
 Hydrocarbon",0.0,100.0,0.0,0.0,0.0,0.0,0.0,0.0,0.0,0.0,0.0,0.0,0.0,0.0,0.0,0.0,0.0,0.0,0.0,0.0,0.0,0.0,0.0,0.0,0.0,2
ANNA SUI,Rose Bloom Faux Fur Clutch,Fall 2026- Clutch,15301162828079,185.0,"100% Polyester 
 Hydrocarbon",0.0,100.0,0.0,0.0,0.0,0.0,0.0,0.0,0.0,0.0,0.0,0.0,0.0,0.0,0.0,0.0,0.0,0.0,0.0,0.0,0.0,0.0,0.0,0.0,0.0,2
ANNA SUI,Rose Bloom Faux Fur Bonnet,Fall 2026- Hat,15301051908399,170.0,"100% Polyester 
 Hydrocarbon",0.0,100.0,0.0,0.0,0.0,0.0,0.0,0.0,0.0,0.0,0.0,0.0,0.0,0.0,0.0,0.0,0.0,0.0,0.0,0.0,0.0,0.0,0.0,0.0,0.0,2
ANNA SUI,Paillettes Beanies - Chocolate/Black,Fall 2026- Hat,15477675131183,375.0,"100% Acrylic 
 
 Hydrocarbon",0.0,0.0,0.0,0.0,0.0,100.0,0.0,0.0,0.0,0.0,0.0,0.0,0.0,0.0,0.0,0.0,0.0,0.0,0.0,0.0,0.0,0.0,0.0,0.0,0.0,0
ANNA SUI,Paillettes Beanie - Ruby,Fall 2026- Hat,15477778186543,375.0,"100% Acrylic 
 
 Hydrocarbon",0.0,0.0,0.0,0.0,0.0,100.0,0.0,0.0,0.0,0.0,0.0,0.0,0.0,0.0,0.0,0.0,0.0,0.0,0.0,0.0,0.0,0.0,0.0,0.0,0.0,0
SANDY LIANG,TARO JEANS IN BROWN,PANTS,8305665704051,295.0,"100% Cotton 
 
 Size",100.0,0.0,0.0,0.0,0.0,0.0,0.0,0.0,0.0,0.0,0.0,0.0,0.0,0.0,0.0,0.0,0.0,0.0,0.0,0.0,0.0,0.0,0.0,0.0,0.0,1
SANDY LIANG,TARO JEANS IN WHITE,PANTS,8305665605747,295.0,"100% Cotton 
 
 Size",100.0,0.0,0.0,0.0,0.0,0.0,0.0,0.0,0.0,0.0,0.0,0.0,0.0,0.0,0.0,0.0,0.0,0.0,0.0,0.0,0.0,0.0,0.0,0.0,0.0,1
SANDY LIANG,SL X COU COU: THE BOXETTE,UNDERWEAR,8342891921523,68.0,100% Organic French,0.0,0.0,0.0,0.0,0.0,0.0,0.0,0.0,0.0,0.0,0.0,0.0,0.0,0.0,0.0,0.0,0.0,0.0,0.0,0.0,0.0,0.0,0.0,0.0,0.0,0
SANDY LIANG,SL X COU COU: THE BABY TANK TWO PACK,TOP,8342891855987,120.0,100% Organic Cotton,0.0,0.0,0.0,0.0,0.0,0.0,0.0,0.0,0.0,0.0,0.0,0.0,0.0,0.0,0.0,0.0,0.0,0.0,0.0,100.0,0.0,0.0,0.0,0.0,100.0,0
SANDY LIANG,SL X COU COU: THE PAJAMA SHIRT,TOP,8342891757683,120.0,100% Organic French,0.0,0.0,0.0,0.0,0.0,0.0,0.0,0.0,0.0,0.0,0.0,0.0,0.0,0.0,0.0,0.0,0.0,0.0,0.0,0.0,0.0,0.0,0.0,0.0,0.0,0
SANDY LIANG,SL X COU COU: THE PAJAMA PANT,PANTS,8342891692147,120.0,100% Organic French,0.0,0.0,0.0,0.0,0.0,0.0,0.0,0.0,0.0,0.0,0.0,0.0,0.0,0.0,0.0,0.0,0.0,0.0,0.0,0.0,0.0,0.0,0.0,0.0,0.0,0
SANDY LIANG,KNOLL JACKET IN PINK,JACKET,8305664983155,350.0,"49% Cotton, 51% Polyester",49.0,51.0,0.0,0.0,0.0,0.0,0.0,0.0,0.0,0.0,0.0,0.0,0.0,0.0,0.0,0.0,0.0,0.0,0.0,0.0,0.0,0.0,0.0,0.0,0.0,2
SANDY LIANG,KNOLL JACKET IN HEATHER GREY,JACKET,8305665048691,350.0,"49% Cotton, 51% Polyester",49.0,51.0,0.0,0.0,0.0,0.0,0.0,0.0,0.0,0.0,0.0,0.0,0.0,0.0,0.0,0.0,0.0,0.0,0.0,0.0,0.0,0.0,0.0,0.0,0.0,2
SANDY LIANG,GEMMA SHIRT,TOP,8305665146995,395.0,100% Cotton Imported,100.0,0.0,0.0,0.0,0.0,0.0,0.0,0.0,0.0,0.0,0.0,0.0,0.0,0.0,0.0,0.0,0.0,0.0,0.0,0.0,0.0,0.0,0.0,0.0,0.0,1
SANDY LIANG,WEMBLEY TOP IN WHITE,TOP,8351021498483,295.0,100% Cotton Imported,100.0,0.0,0.0,0.0,0.0,0.0,0.0,0.0,0.0,0.0,0.0,0.0,0.0,0.0,0.0,0.0,0.0,0.0,0.0,0.0,0.0,0.0,0.0,0.0,0.0,1
SANDY LIANG,JOSIE TOP,TOP,8305663541363,1295.0,"100% Polyester 
 
 Size",0.0,100.0,0.0,0.0,0.0,0.0,0.0,0.0,0.0,0.0,0.0,0.0,0.0,0.0,0.0,0.0,0.0,0.0,0.0,0.0,0.0,0.0,0.0,0.0,0.0,2
SANDY LIANG,TORRY JACKET,JACKET,8305666523251,895.0,"100% Cotton 
 
 Size",100.0,0.0,0.0,0.0,0.0,0.0,0.0,0.0,0.0,0.0,0.0,0.0,0.0,0.0,0.0,0.0,0.0,0.0,0.0,0.0,0.0,0.0,0.0,0.0,0.0,1
SANDY LIANG,MURRAY DRESS IN DARK NAVY,DRESS,8305664622707,395.0,100% Cotton Imported,100.0,0.0,0.0,0.0,0.0,0.0,0.0,0.0,0.0,0.0,0.0,0.0,0.0,0.0,0.0,0.0,0.0,0.0,0.0,0.0,0.0,0.0,0.0,0.0,0.0,1
SANDY LIANG,MURRAY DRESS IN PINK,DRESS,8305664589939,395.0,100% Cotton Imported,100.0,0.0,0.0,0.0,0.0,0.0,0.0,0.0,0.0,0.0,0.0,0.0,0.0,0.0,0.0,0.0,0.0,0.0,0.0,0.0,0.0,0.0,0.0,0.0,0.0,1
SANDY LIANG,MAMAN PANTS IN NAVY,PANTS,8305666654323,395.0,"57% Polyester, 29% Rayon, 10% Wool, 4% Spandex",0.0,57.0,4.0,0.0,29.0,0.0,0.0,0.0,10.0,0.0,0.0,0.0,0.0,0.0,0.0,0.0,0.0,0.0,0.0,0.0,0.0,0.0,0.0,0.0,0.0,2
SANDY LIANG,MAMAN PANTS IN BLACK,PANTS,8305666556019,395.0,"90% Polyester, 10% Spandex",0.0,90.0,10.0,0.0,0.0,0.0,0.0,0.0,0.0,0.0,0.0,0.0,0.0,0.0,0.0,0.0,0.0,0.0,0.0,0.0,0.0,0.0,0.0,0.0,0.0,2
SANDY LIANG,HYDRA TOP,TOP,8305663213683,595.0,"100% Nylon 
 
 Size",0.0,0.0,0.0,100.0,0.0,0.0,0.0,0.0,0.0,0.0,0.0,0.0,0.0,0.0,0.0,0.0,0.0,0.0,0.0,0.0,0.0,0.0,0.0,0.0,0.0,0
SANDY LIANG,SHORTCAKE KNIT DRESS,DRESS,8305664524403,695.0,100% Merino Wool,0.0,0.0,0.0,0.0,0.0,0.0,0.0,0.0,0.0,0.0,0.0,0.0,0.0,100.0,0.0,0.0,0.0,0.0,0.0,0.0,0.0,0.0,0.0,0.0,100.0,0
SANDY LIANG,MARIPOSA DRESS,DRESS,8305663180915,995.0,"100% Polyester 
 
 Size",0.0,100.0,0.0,0.0,0.0,0.0,0.0,0.0,0.0,0.0,0.0,0.0,0.0,0.0,0.0,0.0,0.0,0.0,0.0,0.0,0.0,0.0,0.0,0.0,0.0,2
SANDY LIANG,PAPRIKA PANT IN BABY BLUE,PANTS,8305667899507,395.0,100% Polyester Imported,0.0,100.0,0.0,0.0,0.0,0.0,0.0,0.0,0.0,0.0,0.0,0.0,0.0,0.0,0.0,0.0,0.0,0.0,0.0,0.0,0.0,0.0,0.0,0.0,0.0,2
SANDY LIANG,PAPRIKA PANT IN BLACK,PANTS,8305667833971,395.0,100% Polyester Imported,0.0,100.0,0.0,0.0,0.0,0.0,0.0,0.0,0.0,0.0,0.0,0.0,0.0,0.0,0.0,0.0,0.0,0.0,0.0,0.0,0.0,0.0,0.0,0.0,0.0,2
SANDY LIANG,VISBY PUFFER IN BABY BLUE,OUTERWEAR,8305667801203,1100.0,"80% Polyester, 20% Spandex",0.0,80.0,20.0,0.0,0.0,0.0,0.0,0.0,0.0,0.0,0.0,0.0,0.0,0.0,0.0,0.0,0.0,0.0,0.0,0.0,0.0,0.0,0.0,0.0,0.0,2
ANTA,ANTA KAI Tee,T Shirts,9015490314531,22.5,100% cotton comfort,100.0,0.0,0.0,0.0,0.0,0.0,0.0,0.0,0.0,0.0,0.0,0.0,0.0,0.0,0.0,0.0,0.0,0.0,0.0,0.0,0.0,0.0,0.0,0.0,0.0,1
CHINASQUAD,Structured Mesh Corset Bustier | Final Sale,Vest & Tank Tops,9209626099940,88.99,"39% 
 Design in",0.0,0.0,0.0,0.0,0.0,0.0,0.0,0.0,0.0,0.0,0.0,0.0,0.0,0.0,0.0,0.0,0.0,0.0,0.0,0.0,0.0,0.0,0.0,0.0,0.0,0
CHINASQUAD,Textured Stand Collar Cardigan,Cardigans,9209567805668,94.0,"74.1% 
 Design in",0.0,0.0,0.0,0.0,0.0,0.0,0.0,0.0,0.0,0.0,0.0,0.0,0.0,0.0,0.0,0.0,0.0,0.0,0.0,0.0,0.0,0.0,0.0,0.0,0.0,0
CHINASQUAD,Cape Collar Cropped Jacket,Jackets,9209567707364,123.0,"100% 
 Design in",0.0,0.0,0.0,0.0,0.0,0.0,0.0,0.0,0.0,0.0,0.0,0.0,0.0,0.0,0.0,0.0,0.0,0.0,0.0,0.0,0.0,0.0,0.0,0.0,0.0,0
CHINASQUAD,Waffle Knit Toggle Collar Cardigan,Cardigans,9209567477988,103.0,"47.5% 
 Design in",0.0,0.0,0.0,0.0,0.0,0.0,0.0,0.0,0.0,0.0,0.0,0.0,0.0,0.0,0.0,0.0,0.0,0.0,0.0,0.0,0.0,0.0,0.0,0.0,0.0,0
CHINASQUAD,Brushed Belted Short Trench Jacket,Trench Coats,9209567379684,111.0,"100% 
 Design in",0.0,0.0,0.0,0.0,0.0,0.0,0.0,0.0,0.0,0.0,0.0,0.0,0.0,0.0,0.0,0.0,0.0,0.0,0.0,0.0,0.0,0.0,0.0,0.0,0.0,0
CHINASQUAD,Matte Oversized Faux-Leather Jacket,Leather Jackets,9209567314148,135.0,"100% 
 Design in",0.0,0.0,0.0,0.0,0.0,0.0,0.0,0.0,0.0,0.0,0.0,0.0,0.0,0.0,0.0,0.0,0.0,0.0,0.0,0.0,0.0,0.0,0.0,0.0,0.0,0
CHINASQUAD,Textured Lace Waist-Shaped Shirt,Blouses,9209567248612,77.0,"82.6% 
 Design in",0.0,0.0,0.0,0.0,0.0,0.0,0.0,0.0,0.0,0.0,0.0,0.0,0.0,0.0,0.0,0.0,0.0,0.0,0.0,0.0,0.0,0.0,0.0,0.0,0.0,0
CHINASQUAD,Fair Isle Jacquard Knit Cardigan,Cardigans,9209567183076,72.0,"57.7% 
 Design in",0.0,0.0,0.0,0.0,0.0,0.0,0.0,0.0,0.0,0.0,0.0,0.0,0.0,0.0,0.0,0.0,0.0,0.0,0.0,0.0,0.0,0.0,0.0,0.0,0.0,0
CHINASQUAD,Brushed Wool Blend Short Coat,Coats,9209567052004,113.0,"100% 
 Design in",0.0,0.0,0.0,0.0,0.0,0.0,0.0,0.0,0.0,0.0,0.0,0.0,0.0,0.0,0.0,0.0,0.0,0.0,0.0,0.0,0.0,0.0,0.0,0.0,0.0,0
CHINASQUAD,Distressed Utility PU Leather Jacket,Leather Jackets,9209566986468,145.0,"100% 
 Design in",0.0,0.0,0.0,0.0,0.0,0.0,0.0,0.0,0.0,0.0,0.0,0.0,0.0,0.0,0.0,0.0,0.0,0.0,0.0,0.0,0.0,0.0,0.0,0.0,0.0,0
CHINASQUAD,Wool Blend Shawl Cardigan,Cardigans,9209566822628,67.0,"45.2% 
 Design in",0.0,0.0,0.0,0.0,0.0,0.0,0.0,0.0,0.0,0.0,0.0,0.0,0.0,0.0,0.0,0.0,0.0,0.0,0.0,0.0,0.0,0.0,0.0,0.0,0.0,0
CHINASQUAD,Faux-Leather Lychee-Texture Moto Jacket,Leather Jackets,9209566626020,128.0,"100% 
 Design in",0.0,0.0,0.0,0.0,0.0,0.0,0.0,0.0,0.0,0.0,0.0,0.0,0.0,0.0,0.0,0.0,0.0,0.0,0.0,0.0,0.0,0.0,0.0,0.0,0.0,0
CHINASQUAD,Pleated Stand-Collar Utility Jacket,Jackets,9209566494948,145.0,"100% 
 Design in",0.0,0.0,0.0,0.0,0.0,0.0,0.0,0.0,0.0,0.0,0.0,0.0,0.0,0.0,0.0,0.0,0.0,0.0,0.0,0.0,0.0,0.0,0.0,0.0,0.0,0
CHINASQUAD,Feather Flower Statement Brooch,,9209566298340,22.0,"100% 
 Design in",0.0,0.0,0.0,0.0,0.0,0.0,0.0,0.0,0.0,0.0,0.0,0.0,0.0,0.0,0.0,0.0,0.0,0.0,0.0,0.0,0.0,0.0,0.0,0.0,0.0,0
CHINASQUAD,Metallic Textured Knit Cardigan,Cardigans,9209566134500,94.0,"54.7% 
 Design in",0.0,0.0,0.0,0.0,0.0,0.0,0.0,0.0,0.0,0.0,0.0,0.0,0.0,0.0,0.0,0.0,0.0,0.0,0.0,0.0,0.0,0.0,0.0,0.0,0.0,0
CHINASQUAD,Cashmere Layered Fitted T-shirt,T-Shirt & Polos,9209565937892,47.0,"54.1% 
 Design in",0.0,0.0,0.0,0.0,0.0,0.0,0.0,0.0,0.0,0.0,0.0,0.0,0.0,0.0,0.0,0.0,0.0,0.0,0.0,0.0,0.0,0.0,0.0,0.0,0.0,0
CHINASQUAD,Ruched Lace Layered Top,T-Shirt & Polos,9209565610212,47.0,"88.8% 
 Design in",0.0,0.0,0.0,0.0,0.0,0.0,0.0,0.0,0.0,0.0,0.0,0.0,0.0,0.0,0.0,0.0,0.0,0.0,0.0,0.0,0.0,0.0,0.0,0.0,0.0,0
CHINASQUAD,Modal Draped Layered Top,T-Shirt & Polos,9209565216996,67.0,"41.8% 
 Design in",0.0,0.0,0.0,0.0,0.0,0.0,0.0,0.0,0.0,0.0,0.0,0.0,0.0,0.0,0.0,0.0,0.0,0.0,0.0,0.0,0.0,0.0,0.0,0.0,0.0,0
CHINASQUAD,Brushed Cable-Knit Fitted Cardigan,Cardigans,9209564627172,69.0,"65.0% 
 Design in",0.0,0.0,0.0,0.0,0.0,0.0,0.0,0.0,0.0,0.0,0.0,0.0,0.0,0.0,0.0,0.0,0.0,0.0,0.0,0.0,0.0,0.0,0.0,0.0,0.0,0
CHINASQUAD,Wool Ribbed Polo Top,T-Shirts & Polos,9209564168420,72.0,"45.6% 
 Design in",0.0,0.0,0.0,0.0,0.0,0.0,0.0,0.0,0.0,0.0,0.0,0.0,0.0,0.0,0.0,0.0,0.0,0.0,0.0,0.0,0.0,0.0,0.0,0.0,0.0,0
CHINASQUAD,Lyocell Asymmetric Cutout Top,Blouses,9209563676900,47.0,"94.8% 
 Design in",0.0,0.0,0.0,0.0,0.0,0.0,0.0,0.0,0.0,0.0,0.0,0.0,0.0,0.0,0.0,0.0,0.0,0.0,0.0,0.0,0.0,0.0,0.0,0.0,0.0,0
CHINASQUAD,Lace Trim Fitted Top,Blouses,9209563414756,56.0,"92% 
 Design in",0.0,0.0,0.0,0.0,0.0,0.0,0.0,0.0,0.0,0.0,0.0,0.0,0.0,0.0,0.0,0.0,0.0,0.0,0.0,0.0,0.0,0.0,0.0,0.0,0.0,0
CHINASQUAD,Lace Trim Built-In Bra Cami,Vest & Tank Tops,9209563218148,34.0,"100% 
 Design in",0.0,0.0,0.0,0.0,0.0,0.0,0.0,0.0,0.0,0.0,0.0,0.0,0.0,0.0,0.0,0.0,0.0,0.0,0.0,0.0,0.0,0.0,0.0,0.0,0.0,0
CHINASQUAD,Air-Layer Hooded Skirt Set,Hoodies,9209562988772,98.0,"96.2% 
 Design in",0.0,0.0,0.0,0.0,0.0,0.0,0.0,0.0,0.0,0.0,0.0,0.0,0.0,0.0,0.0,0.0,0.0,0.0,0.0,0.0,0.0,0.0,0.0,0.0,0.0,0
CHINASQUAD,Lace Trim Layered Long-Sleeve Top,T-Shirts & Polos,9209562792164,56.0,"63.2% 
 Design in",0.0,0.0,0.0,0.0,0.0,0.0,0.0,0.0,0.0,0.0,0.0,0.0,0.0,0.0,0.0,0.0,0.0,0.0,0.0,0.0,0.0,0.0,0.0,0.0,0.0,0
CHINASQUAD,Lace Ruched Camisole Dress,Mini Dresses,9209562071268,49.0,"94.8% 
 Design in",0.0,0.0,0.0,0.0,0.0,0.0,0.0,0.0,0.0,0.0,0.0,0.0,0.0,0.0,0.0,0.0,0.0,0.0,0.0,0.0,0.0,0.0,0.0,0.0,0.0,0
CHINASQUAD,Contrast Trim Hooded Tracksuit Set,Hoodies,9209561546980,72.0,"37% 
 Design in",0.0,0.0,0.0,0.0,0.0,0.0,0.0,0.0,0.0,0.0,0.0,0.0,0.0,0.0,0.0,0.0,0.0,0.0,0.0,0.0,0.0,0.0,0.0,0.0,0.0,0
DAWANG,FU DAI Reversible Apron top,Apparel & Accessories,7846795673749,18.0,"100% Polyester 
 Brocade",0.0,100.0,0.0,0.0,0.0,0.0,0.0,0.0,0.0,0.0,0.0,0.0,0.0,0.0,0.0,0.0,0.0,0.0,0.0,0.0,0.0,0.0,0.0,0.0,0.0,2
DAWANG,La Contrast Apron Top,Apparel & Accessories,8042952589461,68.0,100% Cotton  Brocade,100.0,0.0,0.0,0.0,0.0,0.0,0.0,0.0,0.0,0.0,0.0,0.0,0.0,0.0,0.0,0.0,0.0,0.0,0.0,0.0,0.0,0.0,0.0,0.0,0.0,1
DAWANG,Wei Open Front Cropped Jacket,Apparel & Accessories,7759500148885,28.0,"100% Polyester 
   
 Brocade",0.0,100.0,0.0,0.0,0.0,0.0,0.0,0.0,0.0,0.0,0.0,0.0,0.0,0.0,0.0,0.0,0.0,0.0,0.0,0.0,0.0,0.0,0.0,0.0,0.0,2
DAWANG,Hai Brocade Patchwork Crop Top Black,Apparel & Accessories,9309984096405,98.0,100% Polyester Brocade,0.0,100.0,0.0,0.0,0.0,0.0,0.0,0.0,0.0,0.0,0.0,0.0,0.0,0.0,0.0,0.0,0.0,0.0,0.0,0.0,0.0,0.0,0.0,0.0,0.0,2
DAWANG,Hai Brocade Patchwork Crop Top Green,Apparel & Accessories,9309985636501,108.0,100% Polyester Brocade,0.0,100.0,0.0,0.0,0.0,0.0,0.0,0.0,0.0,0.0,0.0,0.0,0.0,0.0,0.0,0.0,0.0,0.0,0.0,0.0,0.0,0.0,0.0,0.0,0.0,2
DAWANG,Song V Wrap Brocade Crop Top Black,Apparel & Accessories,9309986193557,88.0,100% Polyester Brocade,0.0,100.0,0.0,0.0,0.0,0.0,0.0,0.0,0.0,0.0,0.0,0.0,0.0,0.0,0.0,0.0,0.0,0.0,0.0,0.0,0.0,0.0,0.0,0.0,0.0,2
DAWANG,Song V Wrap Brocade Crop Top Green,Apparel & Accessories,9309986259093,98.0,100% Polyester Brocade,0.0,100.0,0.0,0.0,0.0,0.0,0.0,0.0,0.0,0.0,0.0,0.0,0.0,0.0,0.0,0.0,0.0,0.0,0.0,0.0,0.0,0.0,0.0,0.0,0.0,2
DAWANG,Deng Cotton/Brocade Patch Pants,Apparel & Accessories,9309986652309,168.0,100% Cotton  Brocade,100.0,0.0,0.0,0.0,0.0,0.0,0.0,0.0,0.0,0.0,0.0,0.0,0.0,0.0,0.0,0.0,0.0,0.0,0.0,0.0,0.0,0.0,0.0,0.0,0.0,1
DAWANG,Zhen Side Button Mini Skirt Green,Apparel & Accessories,9309986881685,108.0,70% Polyester 30,0.0,70.0,0.0,0.0,0.0,0.0,0.0,0.0,0.0,0.0,0.0,0.0,0.0,0.0,0.0,0.0,0.0,0.0,0.0,0.0,0.0,0.0,0.0,0.0,0.0,2
DAWANG,Dan Brocade Patch Mini Skirt,Skirt,9309987766421,98.0,100% Cotton  Brocade,100.0,0.0,0.0,0.0,0.0,0.0,0.0,0.0,0.0,0.0,0.0,0.0,0.0,0.0,0.0,0.0,0.0,0.0,0.0,0.0,0.0,0.0,0.0,0.0,0.0,1
DAWANG,Ku Tank Top Grey,Apparel & Accessories,9278290133141,68.0,94% Cotton 6,94.0,0.0,0.0,0.0,0.0,0.0,0.0,0.0,0.0,0.0,0.0,0.0,0.0,0.0,0.0,0.0,0.0,0.0,0.0,0.0,0.0,0.0,0.0,0.0,0.0,1
DAWANG,Ku Tank Top Pink,Apparel & Accessories,9278302158997,68.0,94% Cotton 6,94.0,0.0,0.0,0.0,0.0,0.0,0.0,0.0,0.0,0.0,0.0,0.0,0.0,0.0,0.0,0.0,0.0,0.0,0.0,0.0,0.0,0.0,0.0,0.0,0.0,1
DAWANG,Sa Oversized T-shirt Black,Apparel & Accessories,9278324965525,78.0,"100% Cotton  
 
 
 
 
 S",100.0,0.0,0.0,0.0,0.0,0.0,0.0,0.0,0.0,0.0,0.0,0.0,0.0,0.0,0.0,0.0,0.0,0.0,0.0,0.0,0.0,0.0,0.0,0.0,0.0,1
DAWANG,Wa Baby T-Shirt,Apparel & Accessories,9278429036693,78.0,94% Cotton 6,94.0,0.0,0.0,0.0,0.0,0.0,0.0,0.0,0.0,0.0,0.0,0.0,0.0,0.0,0.0,0.0,0.0,0.0,0.0,0.0,0.0,0.0,0.0,0.0,0.0,1
DAWANG,Dao Sleeveless Mini Tank Dress Grey,Apparel & Accessories,9278454530197,98.0,94% Cotton 6,94.0,0.0,0.0,0.0,0.0,0.0,0.0,0.0,0.0,0.0,0.0,0.0,0.0,0.0,0.0,0.0,0.0,0.0,0.0,0.0,0.0,0.0,0.0,0.0,0.0,1
DAWANG,Dao Sleeveless Mini Tank Dress Pink,Apparel & Accessories,9278467276949,98.0,94% Cotton 6,94.0,0.0,0.0,0.0,0.0,0.0,0.0,0.0,0.0,0.0,0.0,0.0,0.0,0.0,0.0,0.0,0.0,0.0,0.0,0.0,0.0,0.0,0.0,0.0,0.0,1
DAWANG,Thunder 80 Patchwork Double Layer Hoodie,,8464890429589,148.0,100% Cotton  Brocade,100.0,0.0,0.0,0.0,0.0,0.0,0.0,0.0,0.0,0.0,0.0,0.0,0.0,0.0,0.0,0.0,0.0,0.0,0.0,0.0,0.0,0.0,0.0,0.0,0.0,1
DAWANG,Hei Open Collar Crop Top,Apparel & Accessories,7768781914261,58.0,"100% Polyester 
 Brocade",0.0,100.0,0.0,0.0,0.0,0.0,0.0,0.0,0.0,0.0,0.0,0.0,0.0,0.0,0.0,0.0,0.0,0.0,0.0,0.0,0.0,0.0,0.0,0.0,0.0,2
DAWANG,Bu Sleeveless Top Baby Pink x DAWANG²,Apparel & Accessories,9205524168853,88.0,70% Polyester 30,0.0,70.0,0.0,0.0,0.0,0.0,0.0,0.0,0.0,0.0,0.0,0.0,0.0,0.0,0.0,0.0,0.0,0.0,0.0,0.0,0.0,0.0,0.0,0.0,0.0,2
DAWANG,Bu Sleeveless Top Pink Cosmo x DAWANG²,Apparel & Accessories,9205523972245,88.0,70% Polyester 30,0.0,70.0,0.0,0.0,0.0,0.0,0.0,0.0,0.0,0.0,0.0,0.0,0.0,0.0,0.0,0.0,0.0,0.0,0.0,0.0,0.0,0.0,0.0,0.0,0.0,2
DAWANG,Du Crop T-Shirt x Void Collective,Apparel & Accessories,9205523906709,68.0,94% Cotton 6,94.0,0.0,0.0,0.0,0.0,0.0,0.0,0.0,0.0,0.0,0.0,0.0,0.0,0.0,0.0,0.0,0.0,0.0,0.0,0.0,0.0,0.0,0.0,0.0,0.0,1
DAWANG,Laba Patch Denim Flared Jeans x Void Collective,Apparel & Accessories,9205523841173,178.0,100% Cotton Brocade,100.0,0.0,0.0,0.0,0.0,0.0,0.0,0.0,0.0,0.0,0.0,0.0,0.0,0.0,0.0,0.0,0.0,0.0,0.0,0.0,0.0,0.0,0.0,0.0,0.0,1
DAWANG,Fa Wide Leg Denim Jeans x Void Collective,pants,9205523808405,158.0,100% Cotton DAWANG,100.0,0.0,0.0,0.0,0.0,0.0,0.0,0.0,0.0,0.0,0.0,0.0,0.0,0.0,0.0,0.0,0.0,0.0,0.0,0.0,0.0,0.0,0.0,0.0,0.0,1
DAWANG,Jun WideLeg Denim/Brocade Patch Jeans x Void Collective,pants,9205496873109,168.0,100% Cotton  Brocade,100.0,0.0,0.0,0.0,0.0,0.0,0.0,0.0,0.0,0.0,0.0,0.0,0.0,0.0,0.0,0.0,0.0,0.0,0.0,0.0,0.0,0.0,0.0,0.0,0.0,1
YANYAN KNITS,Daisy Tie Hood,Knitwear,10030478786807,280.0,100% cozy lambswool,0.0,0.0,0.0,0.0,0.0,0.0,0.0,0.0,0.0,0.0,0.0,0.0,0.0,0.0,0.0,0.0,0.0,0.0,0.0,0.0,100.0,0.0,0.0,0.0,0.0,0
YANYAN KNITS,Daisy Check Oversized Pant,Knitwear,10030478295287,540.0,100% cozy lambswool,0.0,0.0,0.0,0.0,0.0,0.0,0.0,0.0,0.0,0.0,0.0,0.0,0.0,0.0,0.0,0.0,0.0,0.0,0.0,0.0,100.0,0.0,0.0,0.0,0.0,0
YANYAN KNITS,Daisy Check V-Neck Boxy Waistcoat,Knitwear,10030478098679,460.0,100% lambswool tonal,0.0,0.0,0.0,0.0,0.0,0.0,0.0,0.0,0.0,0.0,0.0,0.0,0.0,0.0,0.0,0.0,0.0,0.0,0.0,0.0,100.0,0.0,0.0,0.0,0.0,0
YANYAN KNITS,Daisy Check Boxy Jacket with Removable Hood,Knitwear,10030477967607,780.0,100% lambswool tonal,0.0,0.0,0.0,0.0,0.0,0.0,0.0,0.0,0.0,0.0,0.0,0.0,0.0,0.0,0.0,0.0,0.0,0.0,0.0,0.0,100.0,0.0,0.0,0.0,0.0,0
YANYAN KNITS,Mismatched Stripe Mockneck Tank,Knitwear,10030481834231,330.0,100% merino wool,0.0,0.0,0.0,0.0,0.0,0.0,0.0,0.0,0.0,0.0,0.0,0.0,0.0,100.0,0.0,0.0,0.0,0.0,0.0,0.0,0.0,0.0,0.0,0.0,100.0,0
YANYAN KNITS,Mismatched Stripe Mockneck LS Pullover,Knitwear,10030481768695,400.0,100% merino wool,0.0,0.0,0.0,0.0,0.0,0.0,0.0,0.0,0.0,0.0,0.0,0.0,0.0,100.0,0.0,0.0,0.0,0.0,0.0,0.0,0.0,0.0,0.0,0.0,100.0,0
YANYAN KNITS,Mismatch Sleeveless Polo Dress,Knitwear,10030481670391,590.0,100% merino wool,0.0,0.0,0.0,0.0,0.0,0.0,0.0,0.0,0.0,0.0,0.0,0.0,0.0,100.0,0.0,0.0,0.0,0.0,0.0,0.0,0.0,0.0,0.0,0.0,100.0,0
YANYAN KNITS,Mismatch Crew Pullover,Knitwear,10030481604855,480.0,100% merino wool,0.0,0.0,0.0,0.0,0.0,0.0,0.0,0.0,0.0,0.0,0.0,0.0,0.0,100.0,0.0,0.0,0.0,0.0,0.0,0.0,0.0,0.0,0.0,0.0,100.0,0
YANYAN KNITS,Mismatch Shift Skirt,Knitwear,10030481572087,530.0,100% merino wool,0.0,0.0,0.0,0.0,0.0,0.0,0.0,0.0,0.0,0.0,0.0,0.0,0.0,100.0,0.0,0.0,0.0,0.0,0.0,0.0,0.0,0.0,0.0,0.0,100.0,0
YANYAN KNITS,Mismatch Multi Placket Cardigan,Knitwear,10030481473783,590.0,100% merino wool,0.0,0.0,0.0,0.0,0.0,0.0,0.0,0.0,0.0,0.0,0.0,0.0,0.0,100.0,0.0,0.0,0.0,0.0,0.0,0.0,0.0,0.0,0.0,0.0,100.0,0
YANYAN KNITS,Frosty Jacket,Knitwear,10030481408247,680.0,70% Merino Wool,0.0,0.0,0.0,0.0,0.0,0.0,0.0,0.0,0.0,0.0,0.0,0.0,0.0,70.0,0.0,0.0,0.0,0.0,0.0,0.0,0.0,0.0,0.0,0.0,70.0,0
YANYAN KNITS,Frosty Tie Hood,Knitwear,10030481342711,320.0,70% Merino Wool,0.0,0.0,0.0,0.0,0.0,0.0,0.0,0.0,0.0,0.0,0.0,0.0,0.0,70.0,0.0,0.0,0.0,0.0,0.0,0.0,0.0,0.0,0.0,0.0,70.0,0
YANYAN KNITS,Frosty Shawl Cardigan,Knitwear,10030481309943,780.0,70% Merino Wool,0.0,0.0,0.0,0.0,0.0,0.0,0.0,0.0,0.0,0.0,0.0,0.0,0.0,70.0,0.0,0.0,0.0,0.0,0.0,0.0,0.0,0.0,0.0,0.0,70.0,0
YANYAN KNITS,Frosty Pouch,Knitwear,10030481178871,270.0,70% Merino Wool,0.0,0.0,0.0,0.0,0.0,0.0,0.0,0.0,0.0,0.0,0.0,0.0,0.0,70.0,0.0,0.0,0.0,0.0,0.0,0.0,0.0,0.0,0.0,0.0,70.0,0
YANYAN KNITS,Frosty Beanie,Knitwear,10030481113335,240.0,70% Merino Wool,0.0,0.0,0.0,0.0,0.0,0.0,0.0,0.0,0.0,0.0,0.0,0.0,0.0,70.0,0.0,0.0,0.0,0.0,0.0,0.0,0.0,0.0,0.0,0.0,70.0,0
YANYAN KNITS,Lattice Midi Skirt with Lining,Knitwear,10030480883959,400.0,100% organic cotton,0.0,0.0,0.0,0.0,0.0,0.0,0.0,0.0,0.0,0.0,0.0,0.0,0.0,0.0,0.0,0.0,0.0,0.0,0.0,100.0,0.0,0.0,0.0,0.0,100.0,0
YANYAN KNITS,Lattice Cardigan,Knitwear,10030480720119,450.0,100% organic cotton,0.0,0.0,0.0,0.0,0.0,0.0,0.0,0.0,0.0,0.0,0.0,0.0,0.0,0.0,0.0,0.0,0.0,0.0,0.0,100.0,0.0,0.0,0.0,0.0,100.0,0
YANYAN KNITS,Bow Zigzag Stripe Easy Pant,Knitwear,10030480425207,460.0,100% cotton in,100.0,0.0,0.0,0.0,0.0,0.0,0.0,0.0,0.0,0.0,0.0,0.0,0.0,0.0,0.0,0.0,0.0,0.0,0.0,0.0,0.0,0.0,0.0,0.0,0.0,1
YANYAN KNITS,Bow Zigzag Stripe Maxi Skirt,Knitwear,10030480359671,380.0,100% cotton in,100.0,0.0,0.0,0.0,0.0,0.0,0.0,0.0,0.0,0.0,0.0,0.0,0.0,0.0,0.0,0.0,0.0,0.0,0.0,0.0,0.0,0.0,0.0,0.0,0.0,1
YANYAN KNITS,Bow Zigzag Stripe Tank,Knitwear,10030480228599,280.0,100% cotton in,100.0,0.0,0.0,0.0,0.0,0.0,0.0,0.0,0.0,0.0,0.0,0.0,0.0,0.0,0.0,0.0,0.0,0.0,0.0,0.0,0.0,0.0,0.0,0.0,0.0,1
YANYAN KNITS,Bow Zigzag Stripe SS Tee,Knitwear,10030480097527,300.0,100% cotton in,100.0,0.0,0.0,0.0,0.0,0.0,0.0,0.0,0.0,0.0,0.0,0.0,0.0,0.0,0.0,0.0,0.0,0.0,0.0,0.0,0.0,0.0,0.0,0.0,0.0,1
YANYAN KNITS,Zigzag Stripe Mockneck LS Pullover,Knitwear,10030479900919,320.0,100% cotton in,100.0,0.0,0.0,0.0,0.0,0.0,0.0,0.0,0.0,0.0,0.0,0.0,0.0,0.0,0.0,0.0,0.0,0.0,0.0,0.0,0.0,0.0,0.0,0.0,0.0,1
YANYAN KNITS,Multi Bows Easy Pant,Knitwear,10030479442167,650.0,52% Lambswool 48,0.0,0.0,0.0,0.0,0.0,0.0,0.0,0.0,0.0,0.0,0.0,0.0,0.0,0.0,0.0,0.0,0.0,0.0,0.0,0.0,52.0,0.0,0.0,0.0,0.0,0
YANYAN KNITS,Multi Bows Midi Skirt,Knitwear,10030479343863,570.0,52% Lambswool 48,0.0,0.0,0.0,0.0,0.0,0.0,0.0,0.0,0.0,0.0,0.0,0.0,0.0,0.0,0.0,0.0,0.0,0.0,0.0,0.0,52.0,0.0,0.0,0.0,0.0,0
YANYAN KNITS,Multi Bows Pullover,Knitwear,10030479180023,590.0,52% Lambswool 48,0.0,0.0,0.0,0.0,0.0,0.0,0.0,0.0,0.0,0.0,0.0,0.0,0.0,0.0,0.0,0.0,0.0,0.0,0.0,0.0,52.0,0.0,0.0,0.0,0.0,0
YANYAN KNITS,Multi Bows Jacket,Knitwear,10030479114487,680.0,51% Lambswool and 49% Cotton,49.0,0.0,0.0,0.0,0.0,0.0,0.0,0.0,0.0,0.0,0.0,0.0,0.0,0.0,0.0,0.0,0.0,0.0,0.0,0.0,0.0,0.0,0.0,0.0,0.0,1
YANYAN KNITS,Wawa Pullover,Knitwear,10030470496503,530.0,100% supersoft lambswool,0.0,0.0,0.0,0.0,0.0,0.0,0.0,0.0,0.0,0.0,0.0,0.0,0.0,0.0,0.0,0.0,0.0,0.0,0.0,0.0,100.0,0.0,0.0,0.0,0.0,0
YANYAN KNITS,Garden Stripe Hoody,Knitwear,10030470070519,540.0,100% Lambswool,0.0,0.0,0.0,0.0,0.0,0.0,0.0,0.0,0.0,0.0,0.0,0.0,0.0,0.0,0.0,0.0,0.0,0.0,0.0,0.0,100.0,0.0,0.0,0.0,0.0,0
YANYAN KNITS,Garden Check Armwarmer,Knitwear,10030470004983,220.0,100% Lambswool,0.0,0.0,0.0,0.0,0.0,0.0,0.0,0.0,0.0,0.0,0.0,0.0,0.0,0.0,0.0,0.0,0.0,0.0,0.0,0.0,100.0,0.0,0.0,0.0,0.0,0
YANYAN KNITS,Garden Check Apron,Knitwear,10030469906679,290.0,100% Lambswool,0.0,0.0,0.0,0.0,0.0,0.0,0.0,0.0,0.0,0.0,0.0,0.0,0.0,0.0,0.0,0.0,0.0,0.0,0.0,0.0,100.0,0.0,0.0,0.0,0.0,0
TAE PARK,Present Dress Silver,Dress,8067445784725,810.0,100% Silk Charmeuse,0.0,0.0,0.0,0.0,0.0,0.0,0.0,0.0,0.0,0.0,0.0,0.0,0.0,0.0,0.0,0.0,0.0,100.0,0.0,0.0,0.0,0.0,0.0,0.0,100.0,3
TAE PARK,Sculpted Suit Shorts Ivory,Bottoms,8584392638613,445.0,100% Cotton,100.0,0.0,0.0,0.0,0.0,0.0,0.0,0.0,0.0,0.0,0.0,0.0,0.0,0.0,0.0,0.0,0.0,0.0,0.0,0.0,0.0,0.0,0.0,0.0,0.0,1
TAE PARK,Sheer Kite Top Chartreuse,Tops,9078818504853,350.0,"100% Silk  
 Care",0.0,0.0,0.0,0.0,0.0,0.0,0.0,0.0,0.0,0.0,0.0,0.0,0.0,0.0,0.0,0.0,0.0,100.0,0.0,0.0,0.0,0.0,0.0,0.0,100.0,3
TAE PARK,Flowy Chiffon Skirt Chartreuse,Bottoms,9078825549973,650.0,100% Silk Chiffon,0.0,0.0,0.0,0.0,0.0,0.0,0.0,0.0,0.0,0.0,0.0,0.0,0.0,0.0,0.0,0.0,0.0,100.0,0.0,0.0,0.0,0.0,0.0,0.0,100.0,3
TAE PARK,Flowy Chiffon Skirt Sky Blue Matcha,Bottoms,9078825287829,650.0,100% Silk Chiffon,0.0,0.0,0.0,0.0,0.0,0.0,0.0,0.0,0.0,0.0,0.0,0.0,0.0,0.0,0.0,0.0,0.0,100.0,0.0,0.0,0.0,0.0,0.0,0.0,100.0,3
TAE PARK,Embellished Napkin Top Dark Grey,Tops,9132106973333,625.0,100% Silk Taffeta,0.0,0.0,0.0,0.0,0.0,0.0,0.0,0.0,0.0,0.0,0.0,0.0,0.0,0.0,0.0,0.0,0.0,100.0,0.0,0.0,0.0,0.0,0.0,0.0,100.0,3
TAE PARK,Embellished Napkin Top Red Orange,Tops,9038474346645,625.0,100% Silk Taffeta,0.0,0.0,0.0,0.0,0.0,0.0,0.0,0.0,0.0,0.0,0.0,0.0,0.0,0.0,0.0,0.0,0.0,100.0,0.0,0.0,0.0,0.0,0.0,0.0,100.0,3
TAE PARK,Sheer Table Skirt Red Orange,Bottoms,9038470512789,530.0,100% Silk Organza,0.0,0.0,0.0,0.0,0.0,0.0,0.0,0.0,0.0,0.0,0.0,0.0,0.0,0.0,0.0,0.0,0.0,100.0,0.0,0.0,0.0,0.0,0.0,0.0,100.0,3
TAE PARK,Sheer Table Skirt Emerald,Bottoms,9038470578325,530.0,100% Silk Organza,0.0,0.0,0.0,0.0,0.0,0.0,0.0,0.0,0.0,0.0,0.0,0.0,0.0,0.0,0.0,0.0,0.0,100.0,0.0,0.0,0.0,0.0,0.0,0.0,100.0,3
TAE PARK,Flowy Chiffon Skirt Black Cherry Magenta,Bottoms,9078825320597,650.0,100% Silk Chiffon,0.0,0.0,0.0,0.0,0.0,0.0,0.0,0.0,0.0,0.0,0.0,0.0,0.0,0.0,0.0,0.0,0.0,100.0,0.0,0.0,0.0,0.0,0.0,0.0,100.0,3
TAE PARK,Chiffon Wrap Top Black Cherry Magenta,Tops,9072298295445,580.0,"100% Silk  
 Care",0.0,0.0,0.0,0.0,0.0,0.0,0.0,0.0,0.0,0.0,0.0,0.0,0.0,0.0,0.0,0.0,0.0,100.0,0.0,0.0,0.0,0.0,0.0,0.0,100.0,3
TAE PARK,Chiffon Wrap Top Sky Blue Matcha,Tops,9072298197141,580.0,"100% Silk  
 Care",0.0,0.0,0.0,0.0,0.0,0.0,0.0,0.0,0.0,0.0,0.0,0.0,0.0,0.0,0.0,0.0,0.0,100.0,0.0,0.0,0.0,0.0,0.0,0.0,100.0,3
TAE PARK,Sheer Table Skirt Grey Cat,Bottoms,9038468874389,530.0,100% Silk Organza,0.0,0.0,0.0,0.0,0.0,0.0,0.0,0.0,0.0,0.0,0.0,0.0,0.0,0.0,0.0,0.0,0.0,100.0,0.0,0.0,0.0,0.0,0.0,0.0,100.0,3
TAE PARK,Art Deco Ruched Button Top Off White,Tops,9038474674325,550.0,"66% Rayon, 30% Nylon, 4% Spandex",0.0,0.0,4.0,30.0,66.0,0.0,0.0,0.0,0.0,0.0,0.0,0.0,0.0,0.0,0.0,0.0,0.0,0.0,0.0,0.0,0.0,0.0,0.0,0.0,0.0,0
TAE PARK,Versailles Top Holiday Edition,Tops,9038909571221,865.0,100% pima cotton,0.0,0.0,0.0,0.0,0.0,0.0,0.0,0.0,0.0,0.0,0.0,0.0,0.0,0.0,0.0,0.0,0.0,0.0,0.0,0.0,0.0,100.0,0.0,0.0,100.0,0
TAE PARK,Art Deco Ruched Button Top Lace,Tops,9038475165845,550.0,"13% Cotton, 52% Polyester, 35% Polyamide",13.0,52.0,0.0,0.0,0.0,0.0,0.0,0.0,0.0,0.0,35.0,0.0,0.0,0.0,0.0,0.0,0.0,0.0,0.0,0.0,0.0,0.0,0.0,0.0,0.0,2
TAE PARK,Doily Mini Dress,Dress,9038914846869,685.0,100% Pima Cotton,0.0,0.0,0.0,0.0,0.0,0.0,0.0,0.0,0.0,0.0,0.0,0.0,0.0,0.0,0.0,0.0,0.0,0.0,0.0,0.0,0.0,100.0,0.0,0.0,100.0,0
TAE PARK,Sheer Table Skirt Black,Bottoms,9121793245333,530.0,100% Silk Organza,0.0,0.0,0.0,0.0,0.0,0.0,0.0,0.0,0.0,0.0,0.0,0.0,0.0,0.0,0.0,0.0,0.0,100.0,0.0,0.0,0.0,0.0,0.0,0.0,100.0,3
TAE PARK,Embellished Napkin Top White,Tops,9038471037077,625.0,100% Silk Taffeta,0.0,0.0,0.0,0.0,0.0,0.0,0.0,0.0,0.0,0.0,0.0,0.0,0.0,0.0,0.0,0.0,0.0,100.0,0.0,0.0,0.0,0.0,0.0,0.0,100.0,3
TAE PARK,Embellished Napkin Top Stone Grey,Tops,9121751990421,625.0,100% Silk Taffeta,0.0,0.0,0.0,0.0,0.0,0.0,0.0,0.0,0.0,0.0,0.0,0.0,0.0,0.0,0.0,0.0,0.0,100.0,0.0,0.0,0.0,0.0,0.0,0.0,100.0,3
TAE PARK,Embellished Napkin Top Chartreuse,Tops,9038470774933,625.0,100% Silk Taffeta,0.0,0.0,0.0,0.0,0.0,0.0,0.0,0.0,0.0,0.0,0.0,0.0,0.0,0.0,0.0,0.0,0.0,100.0,0.0,0.0,0.0,0.0,0.0,0.0,100.0,3
TAE PARK,Beaded Ruched Bralette Top Black,Tops,9038463303829,530.0,"100% Silk Organza,   100% Pima",0.0,0.0,0.0,0.0,0.0,0.0,0.0,0.0,0.0,0.0,0.0,0.0,0.0,0.0,0.0,0.0,0.0,100.0,0.0,0.0,0.0,100.0,0.0,0.0,200.0,3
TAE PARK,Sculpted Halter Top Brown,Tops,9038917730453,695.0,"100% Cotton Canvas, 100% Silk",100.0,0.0,0.0,0.0,0.0,0.0,0.0,0.0,0.0,0.0,0.0,0.0,0.0,0.0,0.0,0.0,0.0,100.0,0.0,0.0,0.0,0.0,0.0,0.0,100.0,3
TAE PARK,Beaded Ruched Bralette Top Grey Cat,Tops,9038413627541,530.0,"100% Silk Organza,   100% Pima",0.0,0.0,0.0,0.0,0.0,0.0,0.0,0.0,0.0,0.0,0.0,0.0,0.0,0.0,0.0,0.0,0.0,100.0,0.0,0.0,0.0,100.0,0.0,0.0,200.0,3
TAE PARK,Sculpted Halter Top White,Tops,9038920908949,695.0,"100% Cotton Canvas, 100% Silk",100.0,0.0,0.0,0.0,0.0,0.0,0.0,0.0,0.0,0.0,0.0,0.0,0.0,0.0,0.0,0.0,0.0,100.0,0.0,0.0,0.0,0.0,0.0,0.0,100.0,3
TAE PARK,Lamp Dress Navy Powder Pink,Dress,8806167609493,438.0,100% Poly Satin,0.0,100.0,0.0,0.0,0.0,0.0,0.0,0.0,0.0,0.0,0.0,0.0,0.0,0.0,0.0,0.0,0.0,0.0,0.0,0.0,0.0,0.0,0.0,0.0,0.0,2
TAE PARK,Lamp Dress Black,Dress,8806166921365,438.0,100% Poly Satin,0.0,100.0,0.0,0.0,0.0,0.0,0.0,0.0,0.0,0.0,0.0,0.0,0.0,0.0,0.0,0.0,0.0,0.0,0.0,0.0,0.0,0.0,0.0,0.0,0.0,2
TAE PARK,Lamp Dress White,Dress,8806163447957,438.0,100% Poly Satin,0.0,100.0,0.0,0.0,0.0,0.0,0.0,0.0,0.0,0.0,0.0,0.0,0.0,0.0,0.0,0.0,0.0,0.0,0.0,0.0,0.0,0.0,0.0,0.0,0.0,2
TAE PARK,Versailles Top,Tops,8806147195029,625.0,100% Cotton Canvas,100.0,0.0,0.0,0.0,0.0,0.0,0.0,0.0,0.0,0.0,0.0,0.0,0.0,0.0,0.0,0.0,0.0,0.0,0.0,0.0,0.0,0.0,0.0,0.0,0.0,1
TAE PARK,Babydoll Top,Tops,8806105448597,530.0,100% Pima Cotton,0.0,0.0,0.0,0.0,0.0,0.0,0.0,0.0,0.0,0.0,0.0,0.0,0.0,0.0,0.0,0.0,0.0,0.0,0.0,0.0,0.0,100.0,0.0,0.0,100.0,0
HYEIN SEO,Short Sleeve Shirt w/ Pin,Shirt,7717094916207,209000.0,92% Cotton 8,92.0,0.0,0.0,0.0,0.0,0.0,0.0,0.0,0.0,0.0,0.0,0.0,0.0,0.0,0.0,0.0,0.0,0.0,0.0,0.0,0.0,0.0,0.0,0.0,0.0,1
HYEIN SEO,Alpaca Muffler <Sept. 3>,Muffler,15417013010543,172000.0,46% Acrylic 37,0.0,0.0,0.0,0.0,0.0,46.0,0.0,0.0,0.0,0.0,0.0,0.0,0.0,0.0,0.0,0.0,0.0,0.0,0.0,0.0,0.0,0.0,0.0,0.0,0.0,0
HYEIN SEO,Alpaca Muffler <Sept. 3>,Muffler,15417010684015,172000.0,46% Acrylic 37,0.0,0.0,0.0,0.0,0.0,46.0,0.0,0.0,0.0,0.0,0.0,0.0,0.0,0.0,0.0,0.0,0.0,0.0,0.0,0.0,0.0,0.0,0.0,0.0,0.0,0
HYEIN SEO,Knit Headband <Sept. 3>,Headband,15416981225583,119000.0,50% Wool 25,0.0,0.0,0.0,0.0,0.0,0.0,0.0,0.0,50.0,0.0,0.0,0.0,0.0,0.0,0.0,0.0,0.0,0.0,0.0,0.0,0.0,0.0,0.0,0.0,0.0,0
HYEIN SEO,Knit Cap,Cap,15416981094511,156000.0,50% Wool 35,0.0,0.0,0.0,0.0,0.0,0.0,0.0,0.0,50.0,0.0,0.0,0.0,0.0,0.0,0.0,0.0,0.0,0.0,0.0,0.0,0.0,0.0,0.0,0.0,0.0,0
HYEIN SEO,Wool Beret <Sept. 3>,Cap,15416980242543,176000.0,100% Wool,0.0,0.0,0.0,0.0,0.0,0.0,0.0,0.0,100.0,0.0,0.0,0.0,0.0,0.0,0.0,0.0,0.0,0.0,0.0,0.0,0.0,0.0,0.0,0.0,0.0,0
HYEIN SEO,Wool Beret <Sept. 3>,Cap,15416979914863,176000.0,100% Wool,0.0,0.0,0.0,0.0,0.0,0.0,0.0,0.0,100.0,0.0,0.0,0.0,0.0,0.0,0.0,0.0,0.0,0.0,0.0,0.0,0.0,0.0,0.0,0.0,0.0,0
HYEIN SEO,Leather Pouch Bag,Bag,15416978702447,298000.0,100% Lambhide,0.0,0.0,0.0,0.0,0.0,0.0,0.0,0.0,0.0,0.0,0.0,0.0,0.0,0.0,0.0,0.0,0.0,0.0,0.0,0.0,0.0,0.0,0.0,0.0,0.0,0
HYEIN SEO,Messenger Bag <Sept. 4>,Bag,15416977621103,387000.0,"100% Cotton, 100% Cowhide",100.0,0.0,0.0,0.0,0.0,0.0,0.0,0.0,0.0,0.0,0.0,0.0,0.0,0.0,0.0,0.0,0.0,0.0,0.0,0.0,0.0,0.0,0.0,0.0,0.0,1
HYEIN SEO,Messenger Bag <Sept. 4>,Bag,15416974868591,387000.0,"100% Cotton, 100% Cowhide",100.0,0.0,0.0,0.0,0.0,0.0,0.0,0.0,0.0,0.0,0.0,0.0,0.0,0.0,0.0,0.0,0.0,0.0,0.0,0.0,0.0,0.0,0.0,0.0,0.0,1
HYEIN SEO,Fur Pocket Pants w/ Leather Belt,Pants,15416970707055,529000.0,"100% Cotton, 100% Polyester",100.0,100.0,0.0,0.0,0.0,0.0,0.0,0.0,0.0,0.0,0.0,0.0,0.0,0.0,0.0,0.0,0.0,0.0,0.0,0.0,0.0,0.0,0.0,0.0,0.0,2
HYEIN SEO,Convertible Pants,Pants,15416969265263,462000.0,73% Cotton 27,73.0,0.0,0.0,0.0,0.0,0.0,0.0,0.0,0.0,0.0,0.0,0.0,0.0,0.0,0.0,0.0,0.0,0.0,0.0,0.0,0.0,0.0,0.0,0.0,0.0,1
HYEIN SEO,Convertible Pants,Pants,15416967102575,462000.0,73% Cotton 27,73.0,0.0,0.0,0.0,0.0,0.0,0.0,0.0,0.0,0.0,0.0,0.0,0.0,0.0,0.0,0.0,0.0,0.0,0.0,0.0,0.0,0.0,0.0,0.0,0.0,1
HYEIN SEO,Low-Rise Pants,Pants,15416965595247,568000.0,"100% Cotton, 65% Cotton 35% Nylon",100.0,0.0,0.0,35.0,0.0,0.0,0.0,0.0,0.0,0.0,0.0,0.0,0.0,0.0,0.0,0.0,0.0,0.0,0.0,0.0,0.0,0.0,0.0,0.0,0.0,1
HYEIN SEO,Low-Rise Pants,Pants,15416962777199,568000.0,"100% Cotton, 65% Cotton 35% Nylon",100.0,0.0,0.0,35.0,0.0,0.0,0.0,0.0,0.0,0.0,0.0,0.0,0.0,0.0,0.0,0.0,0.0,0.0,0.0,0.0,0.0,0.0,0.0,0.0,0.0,1
HYEIN SEO,Detachable Bag Pants,Pants,15416961302639,580000.0,"100% Cotton
 
 
 
 
 Size",100.0,0.0,0.0,0.0,0.0,0.0,0.0,0.0,0.0,0.0,0.0,0.0,0.0,0.0,0.0,0.0,0.0,0.0,0.0,0.0,0.0,0.0,0.0,0.0,0.0,1
HYEIN SEO,Detachable Bag Pants,Pants,15416955830383,580000.0,"100% Cotton 
 
 
 
 Size",100.0,0.0,0.0,0.0,0.0,0.0,0.0,0.0,0.0,0.0,0.0,0.0,0.0,0.0,0.0,0.0,0.0,0.0,0.0,0.0,0.0,0.0,0.0,0.0,0.0,1
HYEIN SEO,Cinch-Back Pants,Pants,15416952815727,522000.0,"100% Cotton, 100% Goat",100.0,0.0,0.0,0.0,0.0,0.0,0.0,0.0,0.0,0.0,0.0,0.0,0.0,0.0,0.0,0.0,0.0,0.0,0.0,0.0,0.0,0.0,0.0,0.0,0.0,1
HYEIN SEO,Cinch-Back Pants,Pants,15416949178479,522000.0,"100% Cotton, 100% Goat",100.0,0.0,0.0,0.0,0.0,0.0,0.0,0.0,0.0,0.0,0.0,0.0,0.0,0.0,0.0,0.0,0.0,0.0,0.0,0.0,0.0,0.0,0.0,0.0,0.0,1
HYEIN SEO,Denim Pants w/ String Belt,Pants,15416945737839,533000.0,100% Cotton Belt,100.0,0.0,0.0,0.0,0.0,0.0,0.0,0.0,0.0,0.0,0.0,0.0,0.0,0.0,0.0,0.0,0.0,0.0,0.0,0.0,0.0,0.0,0.0,0.0,0.0,1
HYEIN SEO,Leather-Trim Pants,Pants,15416943738991,419000.0,"100% Cotton, 100% Goat",100.0,0.0,0.0,0.0,0.0,0.0,0.0,0.0,0.0,0.0,0.0,0.0,0.0,0.0,0.0,0.0,0.0,0.0,0.0,0.0,0.0,0.0,0.0,0.0,0.0,1
HYEIN SEO,Leather-Trim Pants,Pants,15416925782127,419000.0,"100% Cotton, 100% Goat",100.0,0.0,0.0,0.0,0.0,0.0,0.0,0.0,0.0,0.0,0.0,0.0,0.0,0.0,0.0,0.0,0.0,0.0,0.0,0.0,0.0,0.0,0.0,0.0,0.0,1
HYEIN SEO,Pleated Mini Skirt w/ Leather Belt,Skirt,15413971550319,391000.0,65% Polyester 33,0.0,65.0,0.0,0.0,0.0,0.0,0.0,0.0,0.0,0.0,0.0,0.0,0.0,0.0,0.0,0.0,0.0,0.0,0.0,0.0,0.0,0.0,0.0,0.0,0.0,2
HYEIN SEO,Pleated Mini Skirt w/ Leather Belt,Skirt,15413967650927,391000.0,100% Polyester,0.0,100.0,0.0,0.0,0.0,0.0,0.0,0.0,0.0,0.0,0.0,0.0,0.0,0.0,0.0,0.0,0.0,0.0,0.0,0.0,0.0,0.0,0.0,0.0,0.0,2
HYEIN SEO,Wrap Mini Skirt,Skirt,15413965521007,348000.0,80% Polyester 20,0.0,80.0,0.0,0.0,0.0,0.0,0.0,0.0,0.0,0.0,0.0,0.0,0.0,0.0,0.0,0.0,0.0,0.0,0.0,0.0,0.0,0.0,0.0,0.0,0.0,2
HYEIN SEO,Wrap Mini Skirt,Skirt,15413963325551,348000.0,72% Polyester 26,0.0,72.0,0.0,0.0,0.0,0.0,0.0,0.0,0.0,0.0,0.0,0.0,0.0,0.0,0.0,0.0,0.0,0.0,0.0,0.0,0.0,0.0,0.0,0.0,0.0,2
HYEIN SEO,Mermaid Skirt w/ Feather Bag,Skirt,15413960540271,422000.0,"100% Polyester, 93% Polyester 7% Polyurethane",0.0,100.0,0.0,0.0,0.0,0.0,0.0,0.0,0.0,0.0,0.0,0.0,0.0,0.0,0.0,0.0,0.0,0.0,0.0,0.0,0.0,0.0,7.0,0.0,0.0,2
HYEIN SEO,Mermaid Skirt w/ Feather Bag,Skirt,15413943500911,422000.0,"100% Polyester, 93% Polyester 7% Polyurethane",0.0,100.0,0.0,0.0,0.0,0.0,0.0,0.0,0.0,0.0,0.0,0.0,0.0,0.0,0.0,0.0,0.0,0.0,0.0,0.0,0.0,0.0,7.0,0.0,0.0,2
HYEIN SEO,Leather Strap Dress,Dress,15413938716783,592000.0,"100% Wool, 100% Tencel",0.0,0.0,0.0,0.0,0.0,0.0,0.0,0.0,100.0,0.0,0.0,0.0,100.0,0.0,0.0,0.0,0.0,0.0,0.0,0.0,0.0,0.0,0.0,0.0,100.0,0
HYEIN SEO,Hooded Sleeveless,Top,15413935407215,211000.0,94% Rayon 6,0.0,0.0,0.0,0.0,94.0,0.0,0.0,0.0,0.0,0.0,0.0,0.0,0.0,0.0,0.0,0.0,0.0,0.0,0.0,0.0,0.0,0.0,0.0,0.0,0.0,0
BAD BINCH TONGTONG,Multi-Color: HOOP RIB KNIT DRESS,Dresses,7722330325190,699.0,6% Merino Wool 20% Acrylic 20% Nylon 54% Polyester,0.0,54.0,0.0,0.0,0.0,0.0,0.0,0.0,0.0,0.0,0.0,0.0,0.0,0.0,0.0,0.0,0.0,0.0,0.0,0.0,0.0,0.0,0.0,0.0,0.0,2
BAD BINCH TONGTONG,Asymmetric Hoop Skirt,Skirts,6783463030982,599.0,100% Modal asymmetrical,0.0,0.0,0.0,0.0,0.0,0.0,0.0,100.0,0.0,0.0,0.0,0.0,0.0,0.0,0.0,0.0,0.0,0.0,0.0,0.0,0.0,0.0,0.0,0.0,0.0,0
LUU DAN,BLACKLISTED WINDBREAKER L-D,Jacket,11009535148299,720.0,100% Polyamide,0.0,0.0,0.0,0.0,0.0,0.0,0.0,0.0,0.0,0.0,100.0,0.0,0.0,0.0,0.0,0.0,0.0,0.0,0.0,0.0,0.0,0.0,0.0,0.0,0.0,0
LUU DAN,CARGO FLIGHT JACKET,Jacket,11009534951691,2170.0,45% Polyurethane 55,0.0,0.0,0.0,0.0,0.0,0.0,0.0,0.0,0.0,0.0,0.0,0.0,0.0,0.0,0.0,0.0,0.0,0.0,0.0,0.0,0.0,0.0,45.0,0.0,0.0,0
LUU DAN,WINDBREAKER L-D,Jacket,11009534886155,960.0,52% Polyethylene 48,0.0,0.0,0.0,0.0,0.0,0.0,0.0,0.0,0.0,0.0,0.0,0.0,0.0,0.0,0.0,0.0,0.0,0.0,0.0,0.0,0.0,0.0,0.0,52.0,0.0,0
LUU DAN,LEATHER BLAZER,Jacket,11009534820619,3130.0,100% Lamb Nappa,0.0,0.0,0.0,0.0,0.0,0.0,100.0,0.0,0.0,0.0,0.0,0.0,0.0,0.0,0.0,0.0,0.0,0.0,0.0,0.0,0.0,0.0,0.0,0.0,100.0,0
LUU DAN,BLACKLISTED UNIFORM SHIRT,Shirt,11009535803659,310.0,100% Cv Ecovero,0.0,0.0,0.0,0.0,100.0,0.0,0.0,0.0,0.0,0.0,0.0,0.0,0.0,0.0,0.0,0.0,0.0,0.0,0.0,0.0,0.0,0.0,0.0,0.0,0.0,0
LUU DAN,BLACKLISTED AFTERMATH HOODIE,Hoodie,11009535738123,400.0,100% Cotton,100.0,0.0,0.0,0.0,0.0,0.0,0.0,0.0,0.0,0.0,0.0,0.0,0.0,0.0,0.0,0.0,0.0,0.0,0.0,0.0,0.0,0.0,0.0,0.0,0.0,1
LUU DAN,BLACKLISTED GYM SWEATPANTS,Sweatpants,11009535607051,370.0,100% Cotton,100.0,0.0,0.0,0.0,0.0,0.0,0.0,0.0,0.0,0.0,0.0,0.0,0.0,0.0,0.0,0.0,0.0,0.0,0.0,0.0,0.0,0.0,0.0,0.0,0.0,1
LUU DAN,STACKED PANTS,Pants,11009535246603,720.0,52% Polyethylene 48,0.0,0.0,0.0,0.0,0.0,0.0,0.0,0.0,0.0,0.0,0.0,0.0,0.0,0.0,0.0,0.0,0.0,0.0,0.0,0.0,0.0,0.0,0.0,52.0,0.0,0
LUU DAN,BLACKLISTED SCHOOL BOY POLO,Polo,11009536262411,290.0,100% Cotton,100.0,0.0,0.0,0.0,0.0,0.0,0.0,0.0,0.0,0.0,0.0,0.0,0.0,0.0,0.0,0.0,0.0,0.0,0.0,0.0,0.0,0.0,0.0,0.0,0.0,1
LUU DAN,BLACKLISTED BOX TEE,T-Shirt,11009536000267,150.0,100% Cotton,100.0,0.0,0.0,0.0,0.0,0.0,0.0,0.0,0.0,0.0,0.0,0.0,0.0,0.0,0.0,0.0,0.0,0.0,0.0,0.0,0.0,0.0,0.0,0.0,0.0,1
LUU DAN,MASKED MESH TOP,T-Shirt,11009535934731,300.0,92% Cotton 8,92.0,0.0,0.0,0.0,0.0,0.0,0.0,0.0,0.0,0.0,0.0,0.0,0.0,0.0,0.0,0.0,0.0,0.0,0.0,0.0,0.0,0.0,0.0,0.0,0.0,1
LUU DAN,OVERSIZED LONG SLEEVE TEE,T-Shirt,11009535836427,420.0,100% Polyester,0.0,100.0,0.0,0.0,0.0,0.0,0.0,0.0,0.0,0.0,0.0,0.0,0.0,0.0,0.0,0.0,0.0,0.0,0.0,0.0,0.0,0.0,0.0,0.0,0.0,2
LUU DAN,MISFIT LONG SLEEVE,SHIRTS,8942254948619,765.0,100% POLYESTER,0.0,100.0,0.0,0.0,0.0,0.0,0.0,0.0,0.0,0.0,0.0,0.0,0.0,0.0,0.0,0.0,0.0,0.0,0.0,0.0,0.0,0.0,0.0,0.0,0.0,2
LUU DAN,PUFFA SHORTS RESTOCK,SHORTS,10981850054923,785.0,100% COTTON,100.0,0.0,0.0,0.0,0.0,0.0,0.0,0.0,0.0,0.0,0.0,0.0,0.0,0.0,0.0,0.0,0.0,0.0,0.0,0.0,0.0,0.0,0.0,0.0,0.0,1
LUU DAN,METAL HEAD SLEEVELESS TEE,T-Shirt,10971410333963,280.0,100% COTTON,100.0,0.0,0.0,0.0,0.0,0.0,0.0,0.0,0.0,0.0,0.0,0.0,0.0,0.0,0.0,0.0,0.0,0.0,0.0,0.0,0.0,0.0,0.0,0.0,0.0,1
LUU DAN,UNISEX LEOPARD GRAPHIC T-SHIRT,T-Shirt,10971410301195,265.0,100% COTTON,100.0,0.0,0.0,0.0,0.0,0.0,0.0,0.0,0.0,0.0,0.0,0.0,0.0,0.0,0.0,0.0,0.0,0.0,0.0,0.0,0.0,0.0,0.0,0.0,0.0,1
LUU DAN,RAW-CUT BONTAN,Sweatpants,10971410268427,525.0,100% COTTON,100.0,0.0,0.0,0.0,0.0,0.0,0.0,0.0,0.0,0.0,0.0,0.0,0.0,0.0,0.0,0.0,0.0,0.0,0.0,0.0,0.0,0.0,0.0,0.0,0.0,1
LUU DAN,SIDE ZIP JEANS,Jeans,10971410235659,685.0,100% COTTON,100.0,0.0,0.0,0.0,0.0,0.0,0.0,0.0,0.0,0.0,0.0,0.0,0.0,0.0,0.0,0.0,0.0,0.0,0.0,0.0,0.0,0.0,0.0,0.0,0.0,1
LUU DAN,SIDE ZIP JEANS,Jeans,10971410202891,895.0,100% COTTON,100.0,0.0,0.0,0.0,0.0,0.0,0.0,0.0,0.0,0.0,0.0,0.0,0.0,0.0,0.0,0.0,0.0,0.0,0.0,0.0,0.0,0.0,0.0,0.0,0.0,1
LUU DAN,BAGGY BONTAN SWEATPANTS,Sweatpants,10971410039051,390.0,100% COTTON,100.0,0.0,0.0,0.0,0.0,0.0,0.0,0.0,0.0,0.0,0.0,0.0,0.0,0.0,0.0,0.0,0.0,0.0,0.0,0.0,0.0,0.0,0.0,0.0,0.0,1
LUU DAN,KRISS KROSS SHORTS,Shorts,10971410006283,600.0,100% COTTON,100.0,0.0,0.0,0.0,0.0,0.0,0.0,0.0,0.0,0.0,0.0,0.0,0.0,0.0,0.0,0.0,0.0,0.0,0.0,0.0,0.0,0.0,0.0,0.0,0.0,1
LUU DAN,WADDED CARGO VEST,Vest,10971409973515,1275.0,100% COTTON,100.0,0.0,0.0,0.0,0.0,0.0,0.0,0.0,0.0,0.0,0.0,0.0,0.0,0.0,0.0,0.0,0.0,0.0,0.0,0.0,0.0,0.0,0.0,0.0,0.0,1
LUU DAN,WASHED ZIP HOODIE,Hoodie,10971409940747,595.0,100% COTTON,100.0,0.0,0.0,0.0,0.0,0.0,0.0,0.0,0.0,0.0,0.0,0.0,0.0,0.0,0.0,0.0,0.0,0.0,0.0,0.0,0.0,0.0,0.0,0.0,0.0,1
LUU DAN,DISTORTED MA1,Jacket,10971409842443,975.0,100% RECYCLED POLYAMIDE,0.0,0.0,0.0,0.0,0.0,0.0,0.0,0.0,0.0,0.0,100.0,0.0,0.0,0.0,0.0,0.0,0.0,0.0,0.0,0.0,0.0,0.0,0.0,0.0,0.0,0
LUU DAN,TWISTED SNAKE COWBOY BELT,Belt,10971409744139,445.0,100% CALF LEATHER,0.0,0.0,0.0,0.0,0.0,0.0,100.0,0.0,0.0,0.0,0.0,0.0,0.0,0.0,0.0,0.0,0.0,0.0,0.0,0.0,0.0,0.0,0.0,0.0,100.0,0
LUU DAN,RINGER TEE,T-SHIRT,10954292855051,320.0,95% COTTON 5,95.0,0.0,0.0,0.0,0.0,0.0,0.0,0.0,0.0,0.0,0.0,0.0,0.0,0.0,0.0,0.0,0.0,0.0,0.0,0.0,0.0,0.0,0.0,0.0,0.0,1
LUU DAN,RINGER TEE,T-SHIRT,10954292822283,320.0,95% COTTON 5,95.0,0.0,0.0,0.0,0.0,0.0,0.0,0.0,0.0,0.0,0.0,0.0,0.0,0.0,0.0,0.0,0.0,0.0,0.0,0.0,0.0,0.0,0.0,0.0,0.0,1
LUU DAN,HEAVY WEIGHT GYM HOODIE,HOODIE,10954292789515,560.0,100% COTTON,100.0,0.0,0.0,0.0,0.0,0.0,0.0,0.0,0.0,0.0,0.0,0.0,0.0,0.0,0.0,0.0,0.0,0.0,0.0,0.0,0.0,0.0,0.0,0.0,0.0,1
LUU DAN,SLEAZE SHIRT,SHIRT,10954292756747,790.0,100% POLYESTER,0.0,100.0,0.0,0.0,0.0,0.0,0.0,0.0,0.0,0.0,0.0,0.0,0.0,0.0,0.0,0.0,0.0,0.0,0.0,0.0,0.0,0.0,0.0,0.0,0.0,2
LUU DAN,CONCERT TEE,T-SHIRT,10954292691211,400.0,100% COTTON,100.0,0.0,0.0,0.0,0.0,0.0,0.0,0.0,0.0,0.0,0.0,0.0,0.0,0.0,0.0,0.0,0.0,0.0,0.0,0.0,0.0,0.0,0.0,0.0,0.0,1
KARTIK RESEARCH,CHIKANKARI TEE,,8930124300426,220.0,100% organic cotton,0.0,0.0,0.0,0.0,0.0,0.0,0.0,0.0,0.0,0.0,0.0,0.0,0.0,0.0,0.0,0.0,0.0,0.0,0.0,100.0,0.0,0.0,0.0,0.0,100.0,0
TIRADOS,Appendage Top,,9069871661364,150.0,"50% graphene modal, 50% cotton",50.0,0.0,0.0,0.0,0.0,0.0,0.0,50.0,0.0,0.0,0.0,0.0,0.0,0.0,0.0,0.0,0.0,0.0,0.0,0.0,0.0,0.0,0.0,0.0,0.0,1
TIRADOS,Hyde Henley,,9066627629364,100.0,"50% graphene modal, 50% cotton",50.0,0.0,0.0,0.0,0.0,0.0,0.0,50.0,0.0,0.0,0.0,0.0,0.0,0.0,0.0,0.0,0.0,0.0,0.0,0.0,0.0,0.0,0.0,0.0,0.0,1
TIRADOS,Twin Tail Pants,,9065975972148,245.0,"100% cotton 
 model",100.0,0.0,0.0,0.0,0.0,0.0,0.0,0.0,0.0,0.0,0.0,0.0,0.0,0.0,0.0,0.0,0.0,0.0,0.0,0.0,0.0,0.0,0.0,0.0,0.0,1
TIRADOS,Shred Tee,,9069872054580,100.0,"50% graphene modal, 50% cotton",50.0,0.0,0.0,0.0,0.0,0.0,0.0,50.0,0.0,0.0,0.0,0.0,0.0,0.0,0.0,0.0,0.0,0.0,0.0,0.0,0.0,0.0,0.0,0.0,0.0,1
TIRADOS,goodest boy boxers (striped blue),,8908043944244,69.0,100% cotton,100.0,0.0,0.0,0.0,0.0,0.0,0.0,0.0,0.0,0.0,0.0,0.0,0.0,0.0,0.0,0.0,0.0,0.0,0.0,0.0,0.0,0.0,0.0,0.0,0.0,1
TIRADOS,'goodest boy' boxers (sage),,8906139599156,69.0,100% cotton,100.0,0.0,0.0,0.0,0.0,0.0,0.0,0.0,0.0,0.0,0.0,0.0,0.0,0.0,0.0,0.0,0.0,0.0,0.0,0.0,0.0,0.0,0.0,0.0,0.0,1
TIRADOS,goodest boy boxers (striped brown),,8906132521268,69.0,100% cotton,100.0,0.0,0.0,0.0,0.0,0.0,0.0,0.0,0.0,0.0,0.0,0.0,0.0,0.0,0.0,0.0,0.0,0.0,0.0,0.0,0.0,0.0,0.0,0.0,0.0,1
TIRADOS,Knotted Rag Dress (Dark Brown),Shirts,8576237830452,250.0,"50% rayon, 40% nylon, 10% tencel",0.0,0.0,0.0,40.0,50.0,0.0,0.0,0.0,0.0,0.0,0.0,0.0,10.0,0.0,0.0,0.0,0.0,0.0,0.0,0.0,0.0,0.0,0.0,0.0,10.0,0
TIRADOS,Knotted Rag Dress (Dark Blue),Shirts,8576238125364,250.0,"50% rayon, 40% nylon, 10% tencel",0.0,0.0,0.0,40.0,50.0,0.0,0.0,0.0,0.0,0.0,0.0,0.0,10.0,0.0,0.0,0.0,0.0,0.0,0.0,0.0,0.0,0.0,0.0,0.0,10.0,0
TIRADOS,Molar Bag (Soil),,8654409105716,109.0,72% Cotton,72.0,0.0,0.0,0.0,0.0,0.0,0.0,0.0,0.0,0.0,0.0,0.0,0.0,0.0,0.0,0.0,0.0,0.0,0.0,0.0,0.0,0.0,0.0,0.0,0.0,1
TIRADOS,Embroidered Talisman Tank,Shirts,8523493376308,100.0,100% cotton   fabric,100.0,0.0,0.0,0.0,0.0,0.0,0.0,0.0,0.0,0.0,0.0,0.0,0.0,0.0,0.0,0.0,0.0,0.0,0.0,0.0,0.0,0.0,0.0,0.0,0.0,1
TIRADOS,Knit Bib,,8523493278004,59.0,100% merino wool,0.0,0.0,0.0,0.0,0.0,0.0,0.0,0.0,0.0,0.0,0.0,0.0,0.0,100.0,0.0,0.0,0.0,0.0,0.0,0.0,0.0,0.0,0.0,0.0,100.0,0
TIRADOS,Skinny Scarf,,8523493179700,200.0,100% merino wool,0.0,0.0,0.0,0.0,0.0,0.0,0.0,0.0,0.0,0.0,0.0,0.0,0.0,100.0,0.0,0.0,0.0,0.0,0.0,0.0,0.0,0.0,0.0,0.0,100.0,0
TIRADOS,Carmen Vest,Shirts,8523493114164,400.0,60% long staple,0.0,0.0,0.0,0.0,0.0,0.0,0.0,0.0,0.0,0.0,0.0,0.0,0.0,0.0,0.0,0.0,0.0,0.0,0.0,0.0,0.0,0.0,0.0,0.0,0.0,0
TIRADOS,Lyre Bag (Indigo Denim),Bags,8523492950324,390.0,"100% cotton 
fabric",100.0,0.0,0.0,0.0,0.0,0.0,0.0,0.0,0.0,0.0,0.0,0.0,0.0,0.0,0.0,0.0,0.0,0.0,0.0,0.0,0.0,0.0,0.0,0.0,0.0,1
TIRADOS,Lyre Bag (Charcoal Denim),Bags,8523492819252,390.0,"100% cotton 
fabric",100.0,0.0,0.0,0.0,0.0,0.0,0.0,0.0,0.0,0.0,0.0,0.0,0.0,0.0,0.0,0.0,0.0,0.0,0.0,0.0,0.0,0.0,0.0,0.0,0.0,1
TIRADOS,Slashed Shorts (Beige),Pants,8523492720948,450.0,100% cotton  fabric,100.0,0.0,0.0,0.0,0.0,0.0,0.0,0.0,0.0,0.0,0.0,0.0,0.0,0.0,0.0,0.0,0.0,0.0,0.0,0.0,0.0,0.0,0.0,0.0,0.0,1
TIRADOS,Knotted Rag Dress (Beige),Shirts,8523492393268,250.0,"50% rayon, 40% nylon, 10% tencel",0.0,0.0,0.0,40.0,50.0,0.0,0.0,0.0,0.0,0.0,0.0,0.0,10.0,0.0,0.0,0.0,0.0,0.0,0.0,0.0,0.0,0.0,0.0,0.0,10.0,0
TIRADOS,Knotted Rag Dress (Deadstock Rib Knit),Shirts,8523492294964,300.0,100% cotton  fabric,100.0,0.0,0.0,0.0,0.0,0.0,0.0,0.0,0.0,0.0,0.0,0.0,0.0,0.0,0.0,0.0,0.0,0.0,0.0,0.0,0.0,0.0,0.0,0.0,0.0,1
FRIZMWORKS,CIGARETTE POCKET TYPEWRITER SHIRT - MUD,Long Sleeve Shirts,15403443421561,135.0,100% cotton,100.0,0.0,0.0,0.0,0.0,0.0,0.0,0.0,0.0,0.0,0.0,0.0,0.0,0.0,0.0,0.0,0.0,0.0,0.0,0.0,0.0,0.0,0.0,0.0,0.0,1
FRIZMWORKS,CIGARETTE POCKET TYPEWRITER SHIRT - SKY BLUE,Long Sleeve Shirts,15403323326841,135.0,100% cotton,100.0,0.0,0.0,0.0,0.0,0.0,0.0,0.0,0.0,0.0,0.0,0.0,0.0,0.0,0.0,0.0,0.0,0.0,0.0,0.0,0.0,0.0,0.0,0.0,0.0,1
FRIZMWORKS,CIGARETTE POCKET TYPEWRITER SHIRT - BUTTER,Long Sleeve Shirts,15403323261305,135.0,100% cotton,100.0,0.0,0.0,0.0,0.0,0.0,0.0,0.0,0.0,0.0,0.0,0.0,0.0,0.0,0.0,0.0,0.0,0.0,0.0,0.0,0.0,0.0,0.0,0.0,0.0,1
FRIZMWORKS,KUROKI CHAMBRAY WORK SHIRT - WASHED BLUE,Long Sleeve Shirts,15403323097465,190.0,100% cotton,100.0,0.0,0.0,0.0,0.0,0.0,0.0,0.0,0.0,0.0,0.0,0.0,0.0,0.0,0.0,0.0,0.0,0.0,0.0,0.0,0.0,0.0,0.0,0.0,0.0,1
FRIZMWORKS,CURVED DENIM PANTS - INDIGO,Trousers,15403322802553,62.5,100% denim cotton,100.0,0.0,0.0,0.0,0.0,0.0,0.0,0.0,0.0,0.0,0.0,0.0,0.0,0.0,0.0,0.0,0.0,0.0,0.0,0.0,0.0,0.0,0.0,0.0,0.0,1
FRIZMWORKS,WOOL DECK ZIPUP CARDIGAN - BLACK,Knitwear,14903710712185,185.0,"60% 
 NYLON 32",0.0,0.0,0.0,60.0,0.0,0.0,0.0,0.0,0.0,0.0,0.0,0.0,0.0,0.0,0.0,0.0,0.0,0.0,0.0,0.0,0.0,0.0,0.0,0.0,0.0,0
FRIZMWORKS,HEAVY WOOL ROUND CARDIGAN - BRICK,Knitwear,8003363143888,185.0,60% wool / 32% nylon / 5% acrylic / 3% rayon,0.0,0.0,0.0,0.0,3.0,0.0,0.0,0.0,0.0,0.0,0.0,0.0,0.0,0.0,0.0,0.0,0.0,0.0,0.0,0.0,0.0,0.0,0.0,0.0,0.0,0
FRIZMWORKS,HEAVY WOOL ROUND CARDIGAN - NAVY,Knitwear,8003363111120,185.0,60% wool / 32% nylon / 5% acrylic / 3% rayon,0.0,0.0,0.0,0.0,3.0,0.0,0.0,0.0,0.0,0.0,0.0,0.0,0.0,0.0,0.0,0.0,0.0,0.0,0.0,0.0,0.0,0.0,0.0,0.0,0.0,0
FRIZMWORKS,OG HEAVYWEIGHT PULLOVER HOODY -BLACK,Hoodie,7965147070672,130.0,100% cotton on,100.0,0.0,0.0,0.0,0.0,0.0,0.0,0.0,0.0,0.0,0.0,0.0,0.0,0.0,0.0,0.0,0.0,0.0,0.0,0.0,0.0,0.0,0.0,0.0,0.0,1
FRIZMWORKS,HEAVY WOOL ROUND CARDIGAN - BLACK,Knitwear,7942993739984,175.0,60% wool / 32% nylon / 5% acrylic / 3% rayon,0.0,0.0,0.0,0.0,3.0,0.0,0.0,0.0,0.0,0.0,0.0,0.0,0.0,0.0,0.0,0.0,0.0,0.0,0.0,0.0,0.0,0.0,0.0,0.0,0.0,0
FRIZMWORKS,HERITAGE HUNTING JACKET - NAVY,Coats & Jackets,7942990561488,235.0,60% NYLON 40,0.0,0.0,0.0,60.0,0.0,0.0,0.0,0.0,0.0,0.0,0.0,0.0,0.0,0.0,0.0,0.0,0.0,0.0,0.0,0.0,0.0,0.0,0.0,0.0,0.0,0
FRIZMWORKS,OG HAWORTH ONE TUCK PANTS - BEIGE,Trousers,7891606208720,80.0,100% chino cotton,100.0,0.0,0.0,0.0,0.0,0.0,0.0,0.0,0.0,0.0,0.0,0.0,0.0,0.0,0.0,0.0,0.0,0.0,0.0,0.0,0.0,0.0,0.0,0.0,0.0,1
FRIZMWORKS,OG HEAVYWEIGHT HOODIE - NAVY,Sweatshirts,7826605703376,125.0,100% cotton yarn,100.0,0.0,0.0,0.0,0.0,0.0,0.0,0.0,0.0,0.0,0.0,0.0,0.0,0.0,0.0,0.0,0.0,0.0,0.0,0.0,0.0,0.0,0.0,0.0,0.0,1
FRIZMWORKS,HERITAGE HUNTING JACKET - BLACK,Jackets,7826063360208,235.0,60% NYLON 40,0.0,0.0,0.0,60.0,0.0,0.0,0.0,0.0,0.0,0.0,0.0,0.0,0.0,0.0,0.0,0.0,0.0,0.0,0.0,0.0,0.0,0.0,0.0,0.0,0.0,0
FRIZMWORKS,Wool Easy Pants - Forest Black,Trousers,15727334130041,165.0,53% WOOL 35,0.0,0.0,0.0,0.0,0.0,0.0,0.0,0.0,53.0,0.0,0.0,0.0,0.0,0.0,0.0,0.0,0.0,0.0,0.0,0.0,0.0,0.0,0.0,0.0,0.0,0
FRIZMWORKS,Army Pocket Cargo Pants - Olive,Trousers,15727334031737,175.0,100% COTTON,100.0,0.0,0.0,0.0,0.0,0.0,0.0,0.0,0.0,0.0,0.0,0.0,0.0,0.0,0.0,0.0,0.0,0.0,0.0,0.0,0.0,0.0,0.0,0.0,0.0,1
FRIZMWORKS,Rollneck Ringer Knit - Black,Knitwear,15727338520953,145.0,"60% 
 NYLON 32",0.0,0.0,0.0,60.0,0.0,0.0,0.0,0.0,0.0,0.0,0.0,0.0,0.0,0.0,0.0,0.0,0.0,0.0,0.0,0.0,0.0,0.0,0.0,0.0,0.0,0
FRIZMWORKS,Needle Stitch Pullover Hoody - Black Brown,Hoodies,15727331180921,160.0,65% Polyester 35,0.0,65.0,0.0,0.0,0.0,0.0,0.0,0.0,0.0,0.0,0.0,0.0,0.0,0.0,0.0,0.0,0.0,0.0,0.0,0.0,0.0,0.0,0.0,0.0,0.0,2
FRIZMWORKS,THIN STRIPE HALF TEE - RED BEAN,T-Shirt,14990667153785,27.0,100% Cotton,100.0,0.0,0.0,0.0,0.0,0.0,0.0,0.0,0.0,0.0,0.0,0.0,0.0,0.0,0.0,0.0,0.0,0.0,0.0,0.0,0.0,0.0,0.0,0.0,0.0,1
FRIZMWORKS,BLACK FLAG PIGMENT DYEING SWEATSHIRT - BRICK,Sweatshirt,14909468180857,52.5,100% cotton sweat,100.0,0.0,0.0,0.0,0.0,0.0,0.0,0.0,0.0,0.0,0.0,0.0,0.0,0.0,0.0,0.0,0.0,0.0,0.0,0.0,0.0,0.0,0.0,0.0,0.0,1
